State,District,Year,Total_Schools,Primary_Enrollment,Upper_Primary_Enrollment,Secondary_Enrollment,Dropout_Rate_Primary,Dropout_Rate_Secondary,Girls_Enrollment_Percent,Teachers_Per_School
Andhra Pradesh,Visakhapatnam,2018,2863,552559,338940,205161,14.0,10.3,44.5,3.3
Andhra Pradesh,Visakhapatnam,2019,2863,303478,217460,131618,8.9,26.9,46.8,2.6
Andhra Pradesh,Visakhapatnam,2020,2863,426587,306334,234647,2.4,23.2,45.5,3.8
Andhra Pradesh,Visakhapatnam,2021,2863,389368,279451,202576,10.0,17.0,50.0,2.5
Andhra Pradesh,Visakhapatnam,2022,2863,349286,223202,175509,14.4,23.9,44.0,2.5
Andhra Pradesh,Visakhapatnam,2023,2863,349286,275255,199909,11.2,7.1,48.4,2.7
Andhra Pradesh,Vijayawada,2018,1160,230840,189172,107009,14.1,24.9,45.1,1.8
Andhra Pradesh,Vijayawada,2019,1160,107880,71282,42475,3.3,9.1,47.6,4.1
Andhra Pradesh,Vijayawada,2020,1160,110200,77021,44980,7.9,20.9,43.4,3.2
Andhra Pradesh,Vijayawada,2021,1160,135720,87026,61290,10.5,11.2,47.7,1.7
Andhra Pradesh,Vijayawada,2022,1160,163560,122968,86977,2.1,16.0,43.3,1.8
Andhra Pradesh,Vijayawada,2023,1160,193720,120856,79433,6.7,25.2,42.1,3.9
Andhra Pradesh,Guntur,2018,213,27690,18507,10692,9.3,10.7,42.2,3.0
Andhra Pradesh,Guntur,2019,213,21513,13500,9325,16.2,18.0,45.2,2.3
Andhra Pradesh,Guntur,2020,213,41322,34298,26419,3.0,27.4,50.1,2.4
Andhra Pradesh,Guntur,2021,213,38340,28419,17746,7.5,28.3,42.3,1.8
Andhra Pradesh,Guntur,2022,213,23856,19800,12632,13.3,26.3,44.4,3.0
Andhra Pradesh,Guntur,2023,213,40896,25034,14392,10.5,10.4,48.1,2.2
Andhra Pradesh,Nellore,2018,2954,460824,312612,202409,4.0,27.7,50.6,1.5
Andhra Pradesh,Nellore,2019,2954,534674,387455,303701,15.3,19.1,47.7,2.3
Andhra Pradesh,Nellore,2020,2954,386974,245884,185978,8.6,17.1,42.1,2.1
Andhra Pradesh,Nellore,2021,2954,525812,402417,314808,8.2,11.9,48.5,2.1
Andhra Pradesh,Nellore,2022,2954,324940,260909,190251,4.8,8.7,50.7,3.5
Andhra Pradesh,Nellore,2023,2954,369250,246547,182050,5.0,11.0,47.8,4.0
Andhra Pradesh,Kurnool,2018,1250,178750,135486,95532,12.6,22.9,42.4,3.1
Andhra Pradesh,Kurnool,2019,1250,175000,112684,69385,4.6,24.5,43.1,4.4
Andhra Pradesh,Kurnool,2020,1250,157500,126800,71847,13.9,26.2,47.3,1.6
Andhra Pradesh,Kurnool,2021,1250,247500,203700,140746,16.1,28.7,43.0,4.4
Andhra Pradesh,Kurnool,2022,1250,102500,65672,51108,14.2,13.9,42.4,1.6
Andhra Pradesh,Kurnool,2023,1250,246250,176993,108419,13.7,18.1,43.1,4.2
Andhra Pradesh,Rajahmundry,2018,1367,113461,78999,49990,12.1,26.6,50.2,3.4
Andhra Pradesh,Rajahmundry,2019,1367,185912,139238,92769,8.1,13.7,49.5,3.5
Andhra Pradesh,Rajahmundry,2020,1367,206417,146785,82357,12.1,15.8,46.2,1.9
Andhra Pradesh,Rajahmundry,2021,1367,173609,131630,103351,7.1,16.7,46.1,3.8
Andhra Pradesh,Rajahmundry,2022,1367,226922,179855,132307,4.9,19.4,46.0,1.5
Andhra Pradesh,Rajahmundry,2023,1367,221454,168913,134057,8.4,27.6,51.4,3.5
Andhra Pradesh,Tirupati,2018,2741,306992,212332,147395,7.9,12.5,51.0,2.1
Andhra Pradesh,Tirupati,2019,2741,400186,266555,176060,2.7,7.3,47.9,3.9
Andhra Pradesh,Tirupati,2020,2741,268618,204999,160239,8.6,8.3,42.1,1.9
Andhra Pradesh,Tirupati,2021,2741,529013,319669,202772,4.1,5.9,48.7,2.4
Andhra Pradesh,Tirupati,2022,2741,290546,230031,129644,15.0,26.2,48.2,1.9
Andhra Pradesh,Tirupati,2023,2741,523531,418488,250889,8.9,25.0,42.6,3.6
Andhra Pradesh,Kakinada,2018,2266,378422,237278,145619,12.2,14.0,46.0,2.7
Andhra Pradesh,Kakinada,2019,2266,412412,253835,198165,3.5,7.4,51.8,2.6
Andhra Pradesh,Kakinada,2020,2266,312708,190574,106810,5.1,28.5,44.3,1.6
Andhra Pradesh,Kakinada,2021,2266,296846,206614,162397,16.2,6.4,44.9,4.3
Andhra Pradesh,Kakinada,2022,2266,317240,214756,135470,5.7,8.4,43.6,3.5
Andhra Pradesh,Kakinada,2023,2266,199408,130409,86451,1.8,20.1,43.6,4.0
Arunachal Pradesh,Arunachal Pradesh District 1,2018,1712,169488,135142,101307,8.0,30.0,46.8,4.4
Arunachal Pradesh,Arunachal Pradesh District 1,2019,1712,138672,85386,47887,10.4,10.7,47.0,2.5
Arunachal Pradesh,Arunachal Pradesh District 1,2020,1712,330416,253237,188141,8.9,25.3,49.9,2.1
Arunachal Pradesh,Arunachal Pradesh District 1,2021,1712,166064,105255,83099,12.0,13.9,45.1,1.7
Arunachal Pradesh,Arunachal Pradesh District 1,2022,1712,164352,109408,60304,17.0,16.4,48.8,2.8
Arunachal Pradesh,Arunachal Pradesh District 1,2023,1712,294464,248225,155679,12.3,22.0,50.5,2.4
Arunachal Pradesh,Arunachal Pradesh District 2,2018,700,117600,79144,58740,2.8,6.9,49.0,3.6
Arunachal Pradesh,Arunachal Pradesh District 2,2019,700,105000,89003,67924,3.1,14.7,51.8,3.9
Arunachal Pradesh,Arunachal Pradesh District 2,2020,700,65100,47176,27608,16.5,22.8,46.8,3.3
Arunachal Pradesh,Arunachal Pradesh District 2,2021,700,60900,45057,24829,15.8,8.9,43.7,3.6
Arunachal Pradesh,Arunachal Pradesh District 2,2022,700,135800,108643,72704,2.3,16.7,44.3,2.2
Arunachal Pradesh,Arunachal Pradesh District 2,2023,700,116200,82848,63126,8.9,16.4,46.9,4.2
Arunachal Pradesh,Arunachal Pradesh District 3,2018,2515,264075,196065,155611,8.3,29.4,49.4,1.8
Arunachal Pradesh,Arunachal Pradesh District 3,2019,2515,296770,184346,110726,3.3,14.6,50.7,1.5
Arunachal Pradesh,Arunachal Pradesh District 3,2020,2515,337010,249117,152232,17.4,16.7,48.1,4.4
Arunachal Pradesh,Arunachal Pradesh District 3,2021,2515,331980,213581,167695,8.5,27.9,50.5,1.9
Arunachal Pradesh,Arunachal Pradesh District 3,2022,2515,503000,390169,276692,14.1,5.7,51.0,3.0
Arunachal Pradesh,Arunachal Pradesh District 3,2023,2515,414975,266153,175938,14.2,12.8,45.0,3.6
Arunachal Pradesh,Arunachal Pradesh District 4,2018,1828,153552,111890,88491,15.4,29.7,46.9,2.3
Arunachal Pradesh,Arunachal Pradesh District 4,2019,1828,159036,119166,66036,7.4,24.8,45.8,2.2
Arunachal Pradesh,Arunachal Pradesh District 4,2020,1828,228500,144068,100192,15.1,19.8,44.1,1.6
Arunachal Pradesh,Arunachal Pradesh District 4,2021,1828,330868,247884,193633,10.1,18.7,45.0,4.4
Arunachal Pradesh,Arunachal Pradesh District 4,2022,1828,334524,271291,173567,17.9,21.6,50.2,3.4
Arunachal Pradesh,Arunachal Pradesh District 4,2023,1828,292480,194489,108767,6.3,11.4,43.9,1.9
Assam,Assam District 1,2018,1085,109585,67805,37384,8.4,26.1,45.6,2.7
Assam,Assam District 1,2019,1085,145390,93727,65399,16.0,21.8,45.0,2.8
Assam,Assam District 1,2020,1085,159495,116334,71697,11.5,28.7,42.3,2.3
Assam,Assam District 1,2021,1085,106330,73060,55484,9.6,10.5,50.0,3.2
Assam,Assam District 1,2022,1085,145390,107372,69487,17.5,16.9,43.3,2.8
Assam,Assam District 1,2023,1085,128030,102671,79847,5.4,29.3,48.8,3.4
Assam,Assam District 2,2018,1056,138336,102266,60343,7.3,27.9,46.4,3.2
Assam,Assam District 2,2019,1056,206976,151097,93048,4.3,9.3,52.0,1.8
Assam,Assam District 2,2020,1056,202752,131475,82070,5.6,15.3,43.2,3.5
Assam,Assam District 2,2021,1056,175296,124170,74222,13.5,9.2,51.9,3.5
Assam,Assam District 2,2022,1056,168960,141943,98256,12.7,8.4,42.5,1.9
Assam,Assam District 2,2023,1056,137280,104573,62956,13.4,12.0,44.1,3.3
Assam,Assam District 3,2018,2027,387157,308923,213613,5.6,8.7,51.8,3.3
Assam,Assam District 3,2019,2027,233105,197081,118223,7.1,9.9,43.2,2.1
Assam,Assam District 3,2020,2027,310131,221687,155180,14.5,6.6,44.6,4.1
Assam,Assam District 3,2021,2027,391211,279970,199632,9.4,29.5,50.0,2.2
Assam,Assam District 3,2022,2027,222970,182183,134363,7.6,14.4,51.7,1.9
Assam,Assam District 3,2023,2027,374995,295147,181244,4.1,7.5,42.3,2.4
Assam,Assam District 4,2018,1629,289962,211328,121139,15.6,16.3,44.6,3.0
Assam,Assam District 4,2019,1629,259011,167361,122933,4.6,6.5,45.9,3.9
Assam,Assam District 4,2020,1629,304623,241240,167783,6.0,16.2,50.2,3.8
Assam,Assam District 4,2021,1629,276930,178847,135461,10.2,24.6,47.6,2.5
Assam,Assam District 4,2022,1629,324171,201107,155882,14.0,14.6,44.9,3.7
Assam,Assam District 4,2023,1629,241092,159076,110030,17.7,23.0,47.9,2.3
Bihar,Patna,2018,449,46247,35864,25607,9.4,26.6,45.9,2.3
Bihar,Patna,2019,449,53880,43274,30608,12.6,14.9,51.9,3.3
Bihar,Patna,2020,449,84412,59515,42471,17.8,27.6,44.1,3.0
Bihar,Patna,2021,449,44900,35877,22694,8.3,16.5,49.7,3.2
Bihar,Patna,2022,449,46247,27844,18140,13.4,10.9,51.1,4.5
Bihar,Patna,2023,449,76330,56653,35949,1.7,13.3,43.3,4.4
Bihar,Gaya,2018,432,79488,57395,36399,4.4,20.1,45.6,1.9
Bihar,Gaya,2019,432,66960,45399,34249,10.8,28.4,49.1,4.5
Bihar,Gaya,2020,432,72144,46740,26577,11.6,19.0,49.3,3.2
Bihar,Gaya,2021,432,41040,32662,19504,17.7,12.2,43.5,4.0
Bihar,Gaya,2022,432,42336,33072,19547,12.6,8.7,45.4,2.9
Bihar,Gaya,2023,432,38448,27652,19356,14.7,5.1,46.3,1.9
Bihar,Muzaffarpur,2018,1945,225620,159916,102362,4.5,15.2,45.3,3.6
Bihar,Muzaffarpur,2019,1945,330650,246665,183430,2.7,15.0,50.7,4.4
Bihar,Muzaffarpur,2020,1945,252850,161586,91704,11.0,22.0,51.3,3.2
Bihar,Muzaffarpur,2021,1945,336485,273859,173462,6.8,21.8,47.8,1.7
Bihar,Muzaffarpur,2022,1945,245070,196020,127126,2.8,25.2,42.6,2.6
Bihar,Muzaffarpur,2023,1945,367605,236810,156581,16.3,28.8,45.9,1.6
Bihar,Bhagalpur,2018,212,22048,17104,10125,16.7,5.8,49.7,2.4
Bihar,Bhagalpur,2019,212,28196,23483,14807,5.9,12.2,51.6,1.6
Bihar,Bhagalpur,2020,212,22260,18845,11628,10.4,6.0,50.1,2.3
Bihar,Bhagalpur,2021,212,34344,29122,17097,14.6,10.5,47.6,3.3
Bihar,Bhagalpur,2022,212,37524,22610,13181,10.4,24.6,50.6,2.8
Bihar,Bhagalpur,2023,212,34132,21186,13102,14.4,22.2,42.7,2.3
Bihar,Darbhanga,2018,348,66120,47666,26711,10.8,29.3,42.7,2.8
Bihar,Darbhanga,2019,348,36540,29023,18200,10.9,20.4,47.6,2.7
Bihar,Darbhanga,2020,348,58812,44178,28058,14.7,21.8,42.0,1.5
Bihar,Darbhanga,2021,348,49416,30649,22604,8.3,26.2,46.7,2.5
Bihar,Darbhanga,2022,348,51156,33984,26864,17.4,5.6,45.1,3.8
Bihar,Darbhanga,2023,348,55680,41863,32801,8.8,8.0,50.5,1.8
Bihar,Araria,2018,1387,156731,128996,75726,4.7,22.8,51.1,3.1
Bihar,Araria,2019,1387,138700,91983,51085,4.9,18.7,50.8,3.3
Bihar,Araria,2020,1387,192793,146620,116163,14.1,15.0,44.6,3.2
Bihar,Araria,2021,1387,233016,180215,138934,7.3,18.2,51.4,2.7
Bihar,Araria,2022,1387,160892,116734,80960,7.1,28.3,43.7,2.4
Bihar,Araria,2023,1387,137313,108356,65421,15.6,22.7,43.3,3.2
Bihar,Sitamarhi,2018,2446,364454,243127,163166,8.5,25.0,49.8,1.6
Bihar,Sitamarhi,2019,2446,229924,138546,80345,4.7,17.1,51.0,3.1
Bihar,Sitamarhi,2020,2446,327764,238753,148042,15.5,29.9,43.2,2.6
Bihar,Sitamarhi,2021,2446,425604,263027,161066,16.8,5.6,45.9,2.4
Bihar,Sitamarhi,2022,2446,237262,183211,113475,10.4,9.2,48.4,3.3
Bihar,Sitamarhi,2023,2446,232370,167772,97097,7.9,11.1,42.2,2.4
Bihar,Nalanda,2018,725,80475,67359,38593,3.9,20.7,46.4,2.5
Bihar,Nalanda,2019,725,140650,95302,59273,13.5,15.6,47.2,1.8
Bihar,Nalanda,2020,725,140650,94173,62115,11.3,16.8,42.2,2.5
Bihar,Nalanda,2021,725,132675,94326,63871,16.4,23.3,49.2,2.7
Bihar,Nalanda,2022,725,105125,84039,54354,5.4,28.3,50.3,3.7
Bihar,Nalanda,2023,725,102225,76984,43093,10.6,13.5,46.0,3.0
Chhattisgarh,Chhattisgarh District 1,2018,2854,342480,276950,176366,6.1,27.5,44.3,3.4
Chhattisgarh,Chhattisgarh District 1,2019,2854,396706,265544,154083,11.4,24.5,50.2,4.2
Chhattisgarh,Chhattisgarh District 1,2020,2854,293962,249142,159281,10.7,11.0,50.1,4.0
Chhattisgarh,Chhattisgarh District 1,2021,2854,502304,388816,282950,11.2,14.9,43.6,2.9
Chhattisgarh,Chhattisgarh District 1,2022,2854,490888,328823,244327,8.7,9.0,47.0,2.2
Chhattisgarh,Chhattisgarh District 1,2023,2854,254006,162176,90957,2.0,7.2,48.4,3.3
Chhattisgarh,Chhattisgarh District 2,2018,231,18711,11822,7907,13.6,22.6,47.3,2.9
Chhattisgarh,Chhattisgarh District 2,2019,231,30030,23066,17390,9.9,21.0,47.3,2.7
Chhattisgarh,Chhattisgarh District 2,2020,231,42042,31985,17890,5.8,26.0,45.6,2.3
Chhattisgarh,Chhattisgarh District 2,2021,231,26334,20174,12489,14.7,6.8,49.2,3.6
Chhattisgarh,Chhattisgarh District 2,2022,231,26334,17303,10053,10.1,6.7,51.7,3.9
Chhattisgarh,Chhattisgarh District 2,2023,231,25179,20605,11839,13.3,22.9,45.6,4.4
Chhattisgarh,Chhattisgarh District 3,2018,1983,301416,191009,148933,17.0,20.9,44.0,4.0
Chhattisgarh,Chhattisgarh District 3,2019,1983,247875,165834,100175,6.8,27.4,42.9,4.4
Chhattisgarh,Chhattisgarh District 3,2020,1983,255807,206586,138592,16.6,14.8,47.6,1.7
Chhattisgarh,Chhattisgarh District 3,2021,1983,249858,181056,112025,17.4,23.6,52.0,3.9
Chhattisgarh,Chhattisgarh District 3,2022,1983,208215,131853,104356,2.5,8.6,51.4,3.4
Chhattisgarh,Chhattisgarh District 3,2023,1983,263739,208355,165486,15.0,26.2,46.5,3.5
Chhattisgarh,Chhattisgarh District 4,2018,2701,391645,267205,190512,6.2,19.8,51.9,3.4
Chhattisgarh,Chhattisgarh District 4,2019,2701,375439,256697,168228,10.0,9.9,51.2,2.3
Chhattisgarh,Chhattisgarh District 4,2020,2701,356532,296064,232032,7.3,25.6,51.2,3.1
Chhattisgarh,Chhattisgarh District 4,2021,2701,415954,327631,221639,1.8,9.1,44.6,3.7
Chhattisgarh,Chhattisgarh District 4,2022,2701,286306,206812,123741,6.8,8.1,49.5,1.8
Chhattisgarh,Chhattisgarh District 4,2023,2701,413253,266964,187454,14.8,17.2,50.1,1.7
Goa,Goa District 1,2018,952,153272,95347,55210,13.5,6.7,51.4,3.9
Goa,Goa District 1,2019,952,175168,116398,86349,10.9,17.7,45.1,3.2
Goa,Goa District 1,2020,952,173264,138580,101996,8.8,11.1,48.1,2.6
Goa,Goa District 1,2021,952,132328,109760,82106,7.7,23.7,44.2,3.6
Goa,Goa District 1,2022,952,129472,82776,48684,10.0,20.8,50.0,1.5
Goa,Goa District 1,2023,952,119000,97233,56184,12.6,6.4,50.5,3.9
Goa,Goa District 2,2018,936,146952,90648,61346,6.7,6.5,48.5,1.7
Goa,Goa District 2,2019,936,122616,76748,58564,2.2,9.8,51.3,2.1
Goa,Goa District 2,2020,936,156312,107280,74965,13.3,9.4,48.9,3.9
Goa,Goa District 2,2021,936,168480,103859,59002,17.9,15.5,48.5,1.7
Goa,Goa District 2,2022,936,182520,130761,93880,8.4,11.6,46.0,2.9
Goa,Goa District 2,2023,936,90792,70089,38916,6.2,25.6,46.3,3.7
Goa,Goa District 3,2018,318,54696,34999,20587,7.3,5.3,50.2,2.1
Goa,Goa District 3,2019,318,30528,24756,17352,5.3,26.6,43.9,3.0
Goa,Goa District 3,2020,318,58194,43634,25094,1.8,5.6,50.4,1.6
Goa,Goa District 3,2021,318,50880,33451,24315,13.9,25.7,42.9,2.4
Goa,Goa District 3,2022,318,33390,25926,18693,14.1,16.8,42.8,3.1
Goa,Goa District 3,2023,318,59784,45901,35029,6.3,15.2,49.6,3.1
Goa,Goa District 4,2018,1689,290508,219333,124676,12.7,25.7,50.3,2.0
Goa,Goa District 4,2019,1689,141876,114672,65551,7.1,6.4,49.0,3.1
Goa,Goa District 4,2020,1689,182412,111045,87987,4.7,25.3,46.9,3.8
Goa,Goa District 4,2021,1689,222948,163908,127696,11.9,15.2,48.9,3.5
Goa,Goa District 4,2022,1689,285441,174824,110481,2.8,24.0,45.0,4.2
Goa,Goa District 4,2023,1689,192546,116735,74663,16.7,17.9,44.2,3.3
Gujarat,Ahmedabad,2018,1032,111456,70828,50269,16.2,27.8,42.4,1.6
Gujarat,Ahmedabad,2019,1032,157896,125746,88204,4.3,15.6,51.7,2.6
Gujarat,Ahmedabad,2020,1032,173376,123714,92595,16.4,17.3,50.5,1.7
Gujarat,Ahmedabad,2021,1032,122808,88717,63666,1.5,21.7,45.3,2.9
Gujarat,Ahmedabad,2022,1032,162024,107998,65900,11.3,8.0,47.0,3.4
Gujarat,Ahmedabad,2023,1032,157896,117541,68488,4.2,21.0,50.9,4.3
Gujarat,Surat,2018,415,68475,43435,29264,8.8,18.8,46.5,4.5
Gujarat,Surat,2019,415,80095,61782,45016,6.8,20.2,46.3,1.7
Gujarat,Surat,2020,415,65570,53615,33851,16.3,23.5,44.1,2.9
Gujarat,Surat,2021,415,68890,57728,41084,12.2,11.4,46.2,4.4
Gujarat,Surat,2022,415,72210,60659,34183,11.3,9.6,42.9,1.7
Gujarat,Surat,2023,415,83000,60024,43165,3.4,22.7,46.3,3.3
Gujarat,Vadodara,2018,680,72080,60101,35990,7.8,20.4,45.4,2.1
Gujarat,Vadodara,2019,680,65960,54695,31732,6.3,13.8,48.1,2.7
Gujarat,Vadodara,2020,680,132600,105187,79136,10.1,15.3,49.3,1.9
Gujarat,Vadodara,2021,680,132600,111627,72628,17.0,16.5,50.1,4.2
Gujarat,Vadodara,2022,680,131920,80164,53194,12.9,23.4,45.3,4.4
Gujarat,Vadodara,2023,680,61880,48630,30651,10.5,16.1,42.9,2.4
Gujarat,Rajkot,2018,1037,148291,104500,62346,13.4,27.1,45.5,4.3
Gujarat,Rajkot,2019,1037,205326,143615,93495,9.8,18.4,48.3,1.5
Gujarat,Rajkot,2020,1037,88145,56572,40628,9.6,15.5,47.4,2.2
Gujarat,Rajkot,2021,1037,186660,150155,85448,16.0,11.2,43.8,2.6
Gujarat,Rajkot,2022,1037,144143,98598,59983,15.3,17.1,45.7,2.3
Gujarat,Rajkot,2023,1037,90219,64702,48535,11.4,24.9,44.1,1.9
Gujarat,Bhavnagar,2018,2149,249284,150051,86081,11.2,20.1,44.1,2.5
Gujarat,Bhavnagar,2019,2149,202006,171170,121075,9.5,5.8,49.6,1.6
Gujarat,Bhavnagar,2020,2149,408310,267819,153901,2.5,14.9,51.4,3.9
Gujarat,Bhavnagar,2021,2149,217049,177833,135560,13.7,21.0,45.2,4.2
Gujarat,Bhavnagar,2022,2149,292264,243999,180896,11.1,7.2,51.2,2.2
Gujarat,Bhavnagar,2023,2149,204155,151772,92587,13.4,18.9,46.8,2.6
Gujarat,Jamnagar,2018,2654,376868,240019,158976,11.9,14.3,44.6,2.4
Gujarat,Jamnagar,2019,2654,453834,335106,226955,3.1,10.7,45.7,3.7
Gujarat,Jamnagar,2020,2654,493644,388270,258973,10.3,21.2,45.6,3.8
Gujarat,Jamnagar,2021,2654,440564,319408,177380,3.0,16.4,45.2,2.8
Gujarat,Jamnagar,2022,2654,326442,204380,128264,5.6,29.4,46.2,4.1
Gujarat,Jamnagar,2023,2654,493644,353368,248701,3.5,27.7,50.7,3.8
Gujarat,Gandhinagar,2018,1633,176364,128694,72449,9.2,10.8,44.7,2.1
Gujarat,Gandhinagar,2019,1633,151869,100988,65409,13.6,6.0,44.2,4.3
Gujarat,Gandhinagar,2020,1633,137172,111741,89130,13.5,27.0,44.6,3.8
Gujarat,Gandhinagar,2021,1633,321701,262090,181423,4.2,19.9,49.0,3.5
Gujarat,Gandhinagar,2022,1633,225354,154661,118149,16.7,11.1,42.2,1.7
Gujarat,Gandhinagar,2023,1633,153502,99687,66678,13.0,18.3,44.0,3.4
Gujarat,Anand,2018,2008,194776,162451,126119,10.3,16.9,44.9,2.9
Gujarat,Anand,2019,2008,357424,260082,170855,15.0,24.2,48.7,4.1
Gujarat,Anand,2020,2008,333328,207414,138148,5.6,23.8,42.7,1.9
Gujarat,Anand,2021,2008,259032,168159,112366,14.7,26.4,43.3,3.7
Gujarat,Anand,2022,2008,393568,314159,215936,6.3,18.8,50.7,2.3
Gujarat,Anand,2023,2008,184736,128865,84671,10.2,13.3,45.0,2.8
Haryana,Haryana District 1,2018,369,53136,36573,22601,4.8,12.8,50.2,2.6
Haryana,Haryana District 1,2019,369,71586,43657,33377,7.5,13.4,48.1,3.0
Haryana,Haryana District 1,2020,369,46125,32781,22054,11.5,27.0,49.5,4.3
Haryana,Haryana District 1,2021,369,38376,31167,24188,16.5,28.7,47.8,3.7
Haryana,Haryana District 1,2022,369,38745,30398,20568,11.1,26.3,44.8,3.2
Haryana,Haryana District 1,2023,369,47970,35519,23318,9.0,8.4,45.8,3.9
Haryana,Haryana District 2,2018,554,92518,73173,43763,17.4,22.1,48.8,4.3
Haryana,Haryana District 2,2019,554,52630,34700,21770,14.0,26.1,50.2,2.0
Haryana,Haryana District 2,2020,554,82546,49539,31121,10.8,5.1,48.2,1.9
Haryana,Haryana District 2,2021,554,74790,50197,36263,1.6,28.9,45.6,3.5
Haryana,Haryana District 2,2022,554,64818,44628,29529,6.4,7.7,47.9,3.3
Haryana,Haryana District 2,2023,554,50414,37180,21154,14.6,7.3,42.6,3.9
Haryana,Haryana District 3,2018,396,76824,50233,36686,16.1,22.2,51.7,2.6
Haryana,Haryana District 3,2019,396,45936,38131,22804,16.7,27.8,42.8,2.1
Haryana,Haryana District 3,2020,396,37224,27592,19692,17.3,26.6,50.3,3.6
Haryana,Haryana District 3,2021,396,53064,44962,25312,10.3,29.3,42.0,4.2
Haryana,Haryana District 3,2022,396,75636,56130,34059,12.1,9.5,49.0,2.6
Haryana,Haryana District 3,2023,396,77616,59663,39869,17.4,28.1,45.4,1.7
Haryana,Haryana District 4,2018,884,136136,104721,78235,13.5,28.5,48.1,2.1
Haryana,Haryana District 4,2019,884,167960,106319,78329,16.5,15.6,46.2,3.0
Haryana,Haryana District 4,2020,884,152932,107407,82445,15.5,26.4,47.0,3.6
Haryana,Haryana District 4,2021,884,144976,106665,62441,4.4,10.0,50.4,2.9
Haryana,Haryana District 4,2022,884,92820,71035,40564,2.3,10.8,49.6,2.3
Haryana,Haryana District 4,2023,884,108732,84383,58300,4.9,29.0,50.7,1.7
Himachal Pradesh,Himachal Pradesh District 1,2018,1619,299515,187424,133187,2.4,18.1,46.1,2.3
Himachal Pradesh,Himachal Pradesh District 1,2019,1619,176471,109536,75258,14.6,6.7,43.6,4.5
Himachal Pradesh,Himachal Pradesh District 1,2020,1619,132758,93360,67852,7.8,22.7,45.6,2.5
Himachal Pradesh,Himachal Pradesh District 1,2021,1619,270373,212537,126713,12.5,8.5,51.9,2.3
Himachal Pradesh,Himachal Pradesh District 1,2022,1619,305991,230850,156652,4.2,24.4,48.7,1.5
Himachal Pradesh,Himachal Pradesh District 1,2023,1619,228279,168503,112100,17.6,6.9,47.3,1.7
Himachal Pradesh,Himachal Pradesh District 2,2018,553,94010,60605,43549,3.0,8.0,42.5,1.7
Himachal Pradesh,Himachal Pradesh District 2,2019,553,58065,44124,33759,6.5,25.9,48.8,1.7
Himachal Pradesh,Himachal Pradesh District 2,2020,553,81844,55823,42011,11.4,7.7,47.2,2.7
Himachal Pradesh,Himachal Pradesh District 2,2021,553,104517,71549,41756,2.8,17.1,45.9,4.1
Himachal Pradesh,Himachal Pradesh District 2,2022,553,86268,61502,42986,10.9,8.8,50.8,2.8
Himachal Pradesh,Himachal Pradesh District 2,2023,553,79632,67113,50500,16.5,17.8,51.5,2.7
Himachal Pradesh,Himachal Pradesh District 3,2018,1137,196701,121954,71704,17.6,20.8,45.4,4.5
Himachal Pradesh,Himachal Pradesh District 3,2019,1137,101193,79940,45662,4.8,11.8,43.5,4.1
Himachal Pradesh,Himachal Pradesh District 3,2020,1137,223989,188151,150482,5.4,18.9,45.1,3.5
Himachal Pradesh,Himachal Pradesh District 3,2021,1137,101193,82049,57064,4.5,5.1,43.0,2.3
Himachal Pradesh,Himachal Pradesh District 3,2022,1137,188742,134607,75219,17.1,23.8,45.0,3.3
Himachal Pradesh,Himachal Pradesh District 3,2023,1137,148947,122060,94635,7.7,15.6,51.5,2.9
Himachal Pradesh,Himachal Pradesh District 4,2018,2655,305325,213912,150172,12.5,16.0,45.4,2.1
Himachal Pradesh,Himachal Pradesh District 4,2019,2655,297360,238915,177692,3.0,25.0,42.4,2.9
Himachal Pradesh,Himachal Pradesh District 4,2020,2655,480555,383296,237087,13.5,20.3,47.1,1.9
Himachal Pradesh,Himachal Pradesh District 4,2021,2655,238950,174525,131122,6.2,9.8,45.3,1.7
Himachal Pradesh,Himachal Pradesh District 4,2022,2655,443385,321783,186669,15.6,8.3,46.9,1.7
Himachal Pradesh,Himachal Pradesh District 4,2023,2655,297360,184658,123025,10.6,29.5,47.0,3.1
Jharkhand,Jharkhand District 1,2018,1197,191520,140111,93254,17.9,9.0,47.9,1.8
Jharkhand,Jharkhand District 1,2019,1197,184338,142059,81303,12.5,22.8,46.8,3.7
Jharkhand,Jharkhand District 1,2020,1197,161595,110938,76646,3.1,10.4,49.3,4.4
Jharkhand,Jharkhand District 1,2021,1197,184338,148663,88250,11.4,21.9,46.9,2.9
Jharkhand,Jharkhand District 1,2022,1197,131670,94923,74034,14.8,7.4,49.7,3.9
Jharkhand,Jharkhand District 1,2023,1197,239400,188042,116506,12.8,21.5,42.8,2.7
Jharkhand,Jharkhand District 2,2018,2902,475928,311523,177589,11.5,10.0,49.4,2.3
Jharkhand,Jharkhand District 2,2019,2902,243768,153886,93534,10.3,29.1,44.7,4.2
Jharkhand,Jharkhand District 2,2020,2902,487536,327829,187894,3.9,29.0,46.0,1.6
Jharkhand,Jharkhand District 2,2021,2902,507850,357260,264219,4.9,29.3,43.0,1.9
Jharkhand,Jharkhand District 2,2022,2902,542674,355180,198615,7.2,6.6,48.6,3.4
Jharkhand,Jharkhand District 2,2023,2902,313416,247286,175365,16.4,12.0,48.5,3.6
Jharkhand,Jharkhand District 3,2018,2052,311904,236849,167759,11.9,8.4,47.6,2.6
Jharkhand,Jharkhand District 3,2019,2052,330372,250840,165195,6.5,28.5,43.8,1.6
Jharkhand,Jharkhand District 3,2020,2052,354996,283974,180555,3.6,16.0,47.7,3.8
Jharkhand,Jharkhand District 3,2021,2052,268812,227945,134395,7.6,25.1,42.2,4.3
Jharkhand,Jharkhand District 3,2022,2052,235980,169507,119360,12.0,24.6,43.9,4.0
Jharkhand,Jharkhand District 3,2023,2052,338580,232562,182236,6.3,17.5,42.3,1.9
Jharkhand,Jharkhand District 4,2018,812,126672,102849,80424,3.8,27.2,51.8,1.7
Jharkhand,Jharkhand District 4,2019,812,125860,95164,53969,13.4,29.1,43.4,2.3
Jharkhand,Jharkhand District 4,2020,812,111244,73263,41631,12.3,9.1,51.1,3.9
Jharkhand,Jharkhand District 4,2021,812,120988,79887,46110,2.2,29.2,51.1,1.6
Jharkhand,Jharkhand District 4,2022,812,65772,48985,36582,10.6,15.3,47.7,2.4
Jharkhand,Jharkhand District 4,2023,812,117740,88243,58571,12.1,5.9,50.4,3.5
Karnataka,Bengaluru,2018,600,55200,43653,29338,12.0,9.1,47.6,4.0
Karnataka,Bengaluru,2019,600,94200,69580,53932,1.7,15.8,47.7,3.6
Karnataka,Bengaluru,2020,600,61200,38844,24134,15.8,5.6,43.0,2.7
Karnataka,Bengaluru,2021,600,83400,68494,53143,9.2,24.6,50.1,4.1
Karnataka,Bengaluru,2022,600,75600,52373,38164,7.0,10.1,45.5,1.8
Karnataka,Bengaluru,2023,600,52200,31445,22413,4.5,19.9,44.7,3.7
Karnataka,Mysuru,2018,1165,164265,117522,79994,11.1,17.8,46.9,2.6
Karnataka,Mysuru,2019,1165,196885,158275,114687,17.4,6.5,49.0,2.9
Karnataka,Mysuru,2020,1165,97860,70472,39474,10.9,20.0,42.1,2.3
Karnataka,Mysuru,2021,1165,171255,122311,72234,8.7,19.2,51.2,3.6
Karnataka,Mysuru,2022,1165,110675,90355,52324,3.0,17.8,48.3,4.3
Karnataka,Mysuru,2023,1165,223680,165432,122115,12.1,21.5,49.6,4.3
Karnataka,Mangaluru,2018,613,74786,56995,37602,12.4,28.5,51.7,4.2
Karnataka,Mangaluru,2019,613,114018,69477,53650,6.4,7.5,46.7,3.8
Karnataka,Mangaluru,2020,613,96241,59490,41365,1.7,23.3,51.6,3.8
Karnataka,Mangaluru,2021,613,82755,64357,49284,12.6,11.5,51.1,1.5
Karnataka,Mangaluru,2022,613,91337,63483,37240,15.2,20.7,48.5,2.6
Karnataka,Mangaluru,2023,613,66204,46484,30411,10.0,19.5,48.3,1.8
Karnataka,Hubli,2018,252,45360,35685,25454,9.9,27.7,47.2,4.5
Karnataka,Hubli,2019,252,25452,18934,13975,7.2,12.3,51.5,2.0
Karnataka,Hubli,2020,252,41832,25966,19503,11.4,18.4,43.6,4.4
Karnataka,Hubli,2021,252,25200,20180,12556,5.3,11.5,46.4,4.0
Karnataka,Hubli,2022,252,48636,40707,25051,7.6,25.1,44.4,4.1
Karnataka,Hubli,2023,252,30744,22727,18003,14.5,18.4,45.9,4.4
Karnataka,Belagavi,2018,908,104420,75970,57870,15.1,28.5,44.3,3.1
Karnataka,Belagavi,2019,908,123488,76192,53631,11.1,23.3,44.5,3.7
Karnataka,Belagavi,2020,908,173428,110304,62578,1.7,21.4,43.2,1.9
Karnataka,Belagavi,2021,908,100788,79252,56485,1.5,15.7,48.4,3.9
Karnataka,Belagavi,2022,908,122580,75928,50032,2.9,17.1,43.9,1.9
Karnataka,Belagavi,2023,908,135292,106376,79667,11.4,15.4,45.6,2.3
Karnataka,Kalaburagi,2018,2320,394400,239007,169215,3.9,21.6,48.2,3.8
Karnataka,Kalaburagi,2019,2320,257520,173067,112724,11.1,18.9,46.1,1.5
Karnataka,Kalaburagi,2020,2320,276080,189129,146553,9.4,23.7,49.7,4.3
Karnataka,Kalaburagi,2021,2320,215760,158908,106695,15.3,12.0,51.6,1.9
Karnataka,Kalaburagi,2022,2320,283040,221615,151043,16.3,23.8,49.9,3.9
Karnataka,Kalaburagi,2023,2320,299280,248603,187850,5.8,12.2,50.0,4.0
Karnataka,Vijayapura,2018,1586,279136,217326,153595,11.9,27.4,43.4,2.5
Karnataka,Vijayapura,2019,1586,164944,101544,76588,8.6,20.6,46.7,2.6
Karnataka,Vijayapura,2020,1586,187148,141869,111847,5.6,28.9,51.9,3.7
Karnataka,Vijayapura,2021,1586,282308,234973,140469,9.1,16.1,50.6,2.5
Karnataka,Vijayapura,2022,1586,247416,179550,118748,16.9,8.6,47.3,3.5
Karnataka,Vijayapura,2023,1586,258518,193315,117575,15.1,21.1,46.3,2.1
Karnataka,Davanagere,2018,2485,293230,239239,139447,12.3,14.4,45.0,3.2
Karnataka,Davanagere,2019,2485,337960,266207,202475,3.9,26.8,51.9,1.7
Karnataka,Davanagere,2020,2485,472150,295396,199495,8.3,23.7,48.7,3.6
Karnataka,Davanagere,2021,2485,328020,262906,172043,6.6,28.9,49.8,4.5
Karnataka,Davanagere,2022,2485,238560,188880,115685,7.0,11.3,51.8,3.2
Karnataka,Davanagere,2023,2485,335475,223035,164039,10.4,27.3,49.9,3.2
Kerala,Kerala District 1,2018,1128,225600,175198,114590,6.9,29.9,50.6,3.3
Kerala,Kerala District 1,2019,1128,131976,98703,78811,16.2,12.4,50.5,2.8
Kerala,Kerala District 1,2020,1128,136488,111706,78879,14.4,25.6,48.1,1.6
Kerala,Kerala District 1,2021,1128,129720,107194,68705,12.1,29.1,47.4,4.2
Kerala,Kerala District 1,2022,1128,212064,179605,99460,6.0,21.8,46.0,2.0
Kerala,Kerala District 1,2023,1128,102648,62188,40836,4.3,15.8,44.8,2.0
Kerala,Kerala District 2,2018,966,180642,151931,97693,8.3,18.1,43.8,4.3
Kerala,Kerala District 2,2019,966,132342,106554,79099,15.5,17.3,46.9,1.5
Kerala,Kerala District 2,2020,966,95634,65334,36318,6.7,16.5,50.4,2.5
Kerala,Kerala District 2,2021,966,175812,139115,85543,7.8,6.3,43.6,1.9
Kerala,Kerala District 2,2022,966,128478,82752,46290,11.8,7.9,49.0,2.1
Kerala,Kerala District 2,2023,966,188370,157373,98540,12.2,19.6,43.4,3.2
Kerala,Kerala District 3,2018,985,87665,69437,48709,6.6,16.3,45.1,2.1
Kerala,Kerala District 3,2019,985,133960,83974,46659,15.9,29.3,51.8,3.5
Kerala,Kerala District 3,2020,985,97515,68624,51923,11.6,24.0,47.4,3.9
Kerala,Kerala District 3,2021,985,187150,130915,76754,15.9,10.6,44.7,3.3
Kerala,Kerala District 3,2022,985,181240,144834,93204,4.6,19.0,47.8,4.0
Kerala,Kerala District 3,2023,985,183210,116490,82685,9.7,26.0,46.8,2.4
Kerala,Kerala District 4,2018,2153,282043,192609,135469,5.5,28.6,51.9,1.7
Kerala,Kerala District 4,2019,2153,387540,236768,151365,10.1,22.6,45.6,3.2
Kerala,Kerala District 4,2020,2153,208841,140073,106793,17.0,28.5,47.4,3.4
Kerala,Kerala District 4,2021,2153,372469,241850,171621,2.9,22.6,47.2,3.6
Kerala,Kerala District 4,2022,2153,357398,288831,182722,4.6,26.3,50.0,2.6
Kerala,Kerala District 4,2023,2153,290655,186536,140108,7.4,27.7,45.0,3.3
Madhya Pradesh,Bhopal,2018,2007,258903,155821,86823,5.2,22.1,45.2,2.0
Madhya Pradesh,Bhopal,2019,2007,224784,169964,105480,8.8,22.8,42.9,4.2
Madhya Pradesh,Bhopal,2020,2007,188658,141285,98812,9.1,5.2,51.1,3.4
Madhya Pradesh,Bhopal,2021,2007,365274,248009,193043,12.4,6.5,50.3,3.2
Madhya Pradesh,Bhopal,2022,2007,200700,137770,81913,9.4,25.6,50.2,3.0
Madhya Pradesh,Bhopal,2023,2007,371295,257666,194853,13.5,13.2,50.0,3.9
Madhya Pradesh,Indore,2018,1768,221000,151176,95541,5.0,7.9,51.4,2.9
Madhya Pradesh,Indore,2019,1768,305864,212631,164277,12.7,24.0,44.5,1.6
Madhya Pradesh,Indore,2020,1768,295256,205747,157503,13.1,22.0,43.5,4.2
Madhya Pradesh,Indore,2021,1768,254592,182166,103516,10.8,9.7,49.5,3.7
Madhya Pradesh,Indore,2022,1768,201552,163596,127070,12.6,5.8,45.8,3.5
Madhya Pradesh,Indore,2023,1768,164424,133128,103473,2.3,27.1,51.5,3.8
Madhya Pradesh,Jabalpur,2018,979,193842,147174,89776,13.3,10.0,47.3,3.8
Madhya Pradesh,Jabalpur,2019,979,140976,110522,70120,14.0,28.6,45.9,3.9
Madhya Pradesh,Jabalpur,2020,979,115522,90151,68465,6.6,14.8,48.9,3.2
Madhya Pradesh,Jabalpur,2021,979,130207,109802,75102,2.8,27.5,47.4,4.5
Madhya Pradesh,Jabalpur,2022,979,158598,116582,88269,6.3,7.1,43.5,3.7
Madhya Pradesh,Jabalpur,2023,979,140976,97209,69039,12.9,21.3,42.5,2.3
Madhya Pradesh,Gwalior,2018,1409,219804,148528,86959,9.4,19.5,44.6,2.3
Madhya Pradesh,Gwalior,2019,1409,123992,85202,53841,5.3,11.8,45.5,3.9
Madhya Pradesh,Gwalior,2020,1409,278982,215183,152049,16.0,25.3,45.2,3.0
Madhya Pradesh,Gwalior,2021,1409,226849,188606,119120,14.5,7.8,47.4,4.2
Madhya Pradesh,Gwalior,2022,1409,131037,90645,54327,9.2,24.7,42.0,2.0
Madhya Pradesh,Gwalior,2023,1409,154990,116354,85282,1.9,11.5,51.2,1.8
Madhya Pradesh,Ujjain,2018,1921,336175,267713,176415,17.5,24.6,44.0,2.3
Madhya Pradesh,Ujjain,2019,1921,295834,192241,120694,1.7,21.7,42.6,4.3
Madhya Pradesh,Ujjain,2020,1921,361148,221230,138890,13.6,13.7,43.7,4.1
Madhya Pradesh,Ujjain,2021,1921,270861,228276,175846,12.9,27.8,50.5,1.8
Madhya Pradesh,Ujjain,2022,1921,340017,246966,170923,7.6,27.2,45.1,4.4
Madhya Pradesh,Ujjain,2023,1921,370753,230231,143457,7.2,5.8,43.1,2.0
Madhya Pradesh,Sagar,2018,792,156816,121418,96193,14.7,9.0,51.7,3.4
Madhya Pradesh,Sagar,2019,792,136224,107357,65192,15.9,28.6,43.0,2.3
Madhya Pradesh,Sagar,2020,792,148104,106255,75125,17.0,26.4,50.4,2.3
Madhya Pradesh,Sagar,2021,792,69696,42443,31813,12.5,28.5,43.2,2.8
Madhya Pradesh,Sagar,2022,792,76032,50464,37985,1.6,13.0,43.7,2.0
Madhya Pradesh,Sagar,2023,792,137016,94514,64674,2.8,22.8,50.8,2.2
Madhya Pradesh,Dewas,2018,2010,269340,204353,139886,16.1,10.8,47.9,2.8
Madhya Pradesh,Dewas,2019,2010,381900,240155,143410,8.4,21.9,50.9,3.4
Madhya Pradesh,Dewas,2020,2010,194970,125308,89794,7.3,6.9,51.0,1.9
Madhya Pradesh,Dewas,2021,2010,293460,191476,129563,4.9,8.6,42.6,3.7
Madhya Pradesh,Dewas,2022,2010,289440,236415,164927,2.5,7.5,44.3,4.4
Madhya Pradesh,Dewas,2023,2010,249240,199581,129514,14.2,22.6,49.1,3.4
Madhya Pradesh,Satna,2018,1311,199272,131744,89897,11.3,14.1,50.4,2.3
Madhya Pradesh,Satna,2019,1311,180918,131238,72818,5.7,29.3,43.5,3.5
Madhya Pradesh,Satna,2020,1311,233358,163575,112131,5.1,13.3,47.3,4.2
Madhya Pradesh,Satna,2021,1311,191406,118391,79869,15.0,26.4,42.3,3.2
Madhya Pradesh,Satna,2022,1311,204516,130792,76080,3.2,13.9,48.9,3.6
Madhya Pradesh,Satna,2023,1311,225492,178274,140010,3.6,6.9,50.0,2.8
Maharashtra,Mumbai,2018,2495,356785,237912,170822,3.7,29.5,50.2,3.0
Maharashtra,Mumbai,2019,2495,394210,267055,194339,17.6,17.0,42.6,2.7
Maharashtra,Mumbai,2020,2495,356785,231284,147747,14.1,26.0,50.7,1.9
Maharashtra,Mumbai,2021,2495,434130,352158,240095,12.8,28.5,44.5,3.0
Maharashtra,Mumbai,2022,2495,284430,175258,111389,15.8,16.4,46.8,3.0
Maharashtra,Mumbai,2023,2495,361775,300542,224377,9.2,25.0,46.1,4.1
Maharashtra,Pune,2018,305,33855,21400,15716,10.2,20.6,47.0,3.7
Maharashtra,Pune,2019,305,31415,22765,16555,8.7,5.1,46.9,4.3
Maharashtra,Pune,2020,305,31415,23832,17612,13.6,27.5,47.2,4.0
Maharashtra,Pune,2021,305,52460,33387,21317,3.7,9.3,47.0,2.8
Maharashtra,Pune,2022,305,35380,29966,16939,9.1,12.0,49.6,3.7
Maharashtra,Pune,2023,305,37820,29819,16949,3.2,13.4,48.8,2.3
Maharashtra,Nagpur,2018,2734,541332,443707,308354,15.9,26.6,45.9,2.8
Maharashtra,Nagpur,2019,2734,500322,309210,215118,13.5,17.0,45.8,3.5
Maharashtra,Nagpur,2020,2734,527662,334864,189599,6.1,12.1,43.6,2.1
Maharashtra,Nagpur,2021,2734,380026,252120,139340,3.3,20.0,42.8,3.5
Maharashtra,Nagpur,2022,2734,270666,209932,135724,3.6,17.0,43.2,1.8
Maharashtra,Nagpur,2023,2734,347218,217039,125061,10.4,22.7,44.9,4.4
Maharashtra,Nashik,2018,1817,319792,234337,136977,13.6,19.3,44.3,2.3
Maharashtra,Nashik,2019,1817,201687,125388,71402,3.1,29.9,48.2,2.0
Maharashtra,Nashik,2020,1817,357949,220421,127735,3.7,7.9,49.8,1.8
Maharashtra,Nashik,2021,1817,350681,274758,168302,9.3,14.6,49.4,3.7
Maharashtra,Nashik,2022,1817,334328,226479,172696,12.7,10.4,49.9,3.3
Maharashtra,Nashik,2023,1817,207138,144660,79821,14.1,29.8,45.6,2.7
Maharashtra,Aurangabad,2018,2279,394267,290622,197111,7.0,5.5,46.5,3.7
Maharashtra,Aurangabad,2019,2279,335013,231458,174142,5.7,20.3,50.2,3.4
Maharashtra,Aurangabad,2020,2279,428452,278547,158042,9.1,14.5,43.4,2.9
Maharashtra,Aurangabad,2021,2279,423894,274849,181447,14.3,16.8,48.3,3.1
Maharashtra,Aurangabad,2022,2279,403383,320784,230833,11.6,24.7,51.0,3.9
Maharashtra,Aurangabad,2023,2279,341850,240277,147360,14.8,26.2,50.3,2.6
Maharashtra,Solapur,2018,2340,383760,326024,197203,11.1,25.6,47.5,4.0
Maharashtra,Solapur,2019,2340,252720,163448,113972,6.0,12.1,46.7,3.8
Maharashtra,Solapur,2020,2340,381420,284797,166616,13.1,26.6,49.9,4.4
Maharashtra,Solapur,2021,2340,423540,289245,179457,7.2,6.0,47.9,1.8
Maharashtra,Solapur,2022,2340,238680,156708,105962,7.5,23.7,46.3,2.0
Maharashtra,Solapur,2023,2340,322920,201830,135872,15.0,10.5,45.7,3.9
Maharashtra,Amravati,2018,212,37524,22517,14651,15.3,21.5,47.4,1.9
Maharashtra,Amravati,2019,212,34556,23068,16325,7.0,28.7,47.7,2.5
Maharashtra,Amravati,2020,212,30316,18772,11220,9.9,10.4,51.2,2.2
Maharashtra,Amravati,2021,212,38372,28296,19205,12.7,10.2,44.0,1.7
Maharashtra,Amravati,2022,212,36252,26856,20707,13.8,5.7,46.9,4.0
Maharashtra,Amravati,2023,212,19080,14649,9902,12.4,17.5,47.8,4.1
Maharashtra,Kolhapur,2018,2666,421228,335303,247637,5.1,16.8,48.3,4.4
Maharashtra,Kolhapur,2019,2666,287928,222571,129007,1.7,6.1,48.9,4.3
Maharashtra,Kolhapur,2020,2666,317254,199162,126439,6.2,9.6,42.5,4.1
Maharashtra,Kolhapur,2021,2666,474548,313961,210125,7.3,20.9,48.5,2.5
Maharashtra,Kolhapur,2022,2666,490544,373555,231762,5.7,19.2,51.3,4.1
Maharashtra,Kolhapur,2023,2666,311922,209250,117308,14.3,9.9,45.0,2.6
Manipur,Manipur District 1,2018,262,38514,31113,20827,5.5,22.0,49.5,4.4
Manipur,Manipur District 1,2019,262,33798,27265,21333,17.6,28.5,45.5,4.1
Manipur,Manipur District 1,2020,262,22532,16688,10268,13.0,6.0,48.5,3.6
Manipur,Manipur District 1,2021,262,25152,21191,12626,3.9,28.3,49.7,4.5
Manipur,Manipur District 1,2022,262,26986,20679,11930,4.2,24.1,46.1,3.3
Manipur,Manipur District 1,2023,262,43754,37129,28017,10.0,11.5,49.9,3.1
Manipur,Manipur District 2,2018,851,164243,138461,87617,11.3,8.6,43.9,3.9
Manipur,Manipur District 2,2019,851,86802,70226,55584,3.0,6.6,50.9,1.6
Manipur,Manipur District 2,2020,851,92759,70445,50532,2.9,24.8,44.0,3.0
Manipur,Manipur District 2,2021,851,96163,62094,43294,16.9,7.1,45.5,4.4
Manipur,Manipur District 2,2022,851,90206,56519,43374,16.8,5.2,46.1,3.6
Manipur,Manipur District 2,2023,851,170200,111284,66645,17.8,14.4,47.0,1.9
Manipur,Manipur District 3,2018,1764,333396,224980,173524,7.0,20.5,46.1,1.7
Manipur,Manipur District 3,2019,1764,284004,217213,154437,17.2,17.7,50.4,3.2
Manipur,Manipur District 3,2020,1764,338688,230819,145085,11.3,28.1,45.2,2.1
Manipur,Manipur District 3,2021,1764,172872,112338,69851,17.9,12.0,49.7,3.5
Manipur,Manipur District 3,2022,1764,155232,108491,70781,8.7,10.5,43.2,3.7
Manipur,Manipur District 3,2023,1764,335160,249181,190583,2.5,13.6,43.8,1.6
Manipur,Manipur District 4,2018,1071,201348,134146,78016,5.6,21.8,43.1,1.7
Manipur,Manipur District 4,2019,1071,123165,101743,57794,16.6,18.4,46.1,2.0
Manipur,Manipur District 4,2020,1071,167076,138294,91551,15.9,10.7,45.8,4.1
Manipur,Manipur District 4,2021,1071,125307,85476,54693,14.5,7.6,52.0,2.4
Manipur,Manipur District 4,2022,1071,109242,75148,58871,13.5,22.4,45.7,3.6
Manipur,Manipur District 4,2023,1071,214200,144119,111859,2.6,10.5,44.3,4.5
Meghalaya,Meghalaya District 1,2018,2833,538270,410980,253702,16.2,10.8,45.6,1.9
Meghalaya,Meghalaya District 1,2019,2833,555268,397603,284483,5.3,27.8,49.1,4.0
Meghalaya,Meghalaya District 1,2020,2833,345626,251481,141675,1.9,5.9,50.6,1.9
Meghalaya,Meghalaya District 1,2021,2833,447614,329647,232131,12.8,19.3,52.0,4.0
Meghalaya,Meghalaya District 1,2022,2833,555268,394290,308055,3.5,10.2,45.1,4.2
Meghalaya,Meghalaya District 1,2023,2833,252137,212935,144369,1.7,16.6,43.2,3.7
Meghalaya,Meghalaya District 2,2018,2747,513689,401404,232285,2.1,18.1,50.0,1.7
Meghalaya,Meghalaya District 2,2019,2747,414797,281748,172651,2.5,14.6,51.2,3.0
Meghalaya,Meghalaya District 2,2020,2747,494460,393904,272691,1.5,13.2,44.0,4.0
Meghalaya,Meghalaya District 2,2021,2747,417544,303320,241639,15.0,21.8,43.4,3.5
Meghalaya,Meghalaya District 2,2022,2747,368098,238537,150710,7.2,25.3,46.5,4.0
Meghalaya,Meghalaya District 2,2023,2747,431279,358734,277888,13.0,15.0,48.5,1.9
Meghalaya,Meghalaya District 3,2018,1895,195185,158786,119734,8.4,16.7,49.3,3.3
Meghalaya,Meghalaya District 3,2019,1895,363840,295172,199187,12.9,24.5,43.2,3.4
Meghalaya,Meghalaya District 3,2020,1895,242560,199740,144359,3.3,15.2,48.5,2.1
Meghalaya,Meghalaya District 3,2021,1895,168655,119435,93578,8.1,8.8,43.5,2.5
Meghalaya,Meghalaya District 3,2022,1895,367630,271944,206165,9.0,27.7,43.0,2.2
Meghalaya,Meghalaya District 3,2023,1895,295620,228998,168927,13.1,22.1,42.8,1.6
Meghalaya,Meghalaya District 4,2018,665,101080,77930,50445,16.8,11.1,46.6,3.9
Meghalaya,Meghalaya District 4,2019,665,108395,85804,52404,17.0,25.7,48.6,3.5
Meghalaya,Meghalaya District 4,2020,665,118370,78939,45730,8.0,23.5,47.4,4.3
Meghalaya,Meghalaya District 4,2021,665,87115,63340,38230,3.5,6.1,49.2,2.5
Meghalaya,Meghalaya District 4,2022,665,104405,64037,38755,14.9,27.3,51.8,2.7
Meghalaya,Meghalaya District 4,2023,665,61845,38987,25074,8.7,7.4,47.7,2.2
Mizoram,Mizoram District 1,2018,1569,283989,187197,107888,16.4,22.2,48.9,3.0
Mizoram,Mizoram District 1,2019,1569,301248,191614,109296,12.5,8.3,44.9,2.1
Mizoram,Mizoram District 1,2020,1569,197694,164897,127948,6.9,5.6,46.2,3.2
Mizoram,Mizoram District 1,2021,1569,163176,115677,64115,13.5,5.0,47.3,1.6
Mizoram,Mizoram District 1,2022,1569,279282,179518,134449,7.0,13.6,45.2,2.3
Mizoram,Mizoram District 1,2023,1569,200832,156335,101272,14.5,24.1,45.9,3.5
Mizoram,Mizoram District 2,2018,2591,453425,283720,176697,10.6,28.0,42.5,4.1
Mizoram,Mizoram District 2,2019,2591,287601,188918,139127,15.3,12.2,47.5,2.0
Mizoram,Mizoram District 2,2020,2591,225417,183268,102692,9.8,28.2,47.9,2.9
Mizoram,Mizoram District 2,2021,2591,492290,354704,241492,10.4,23.0,45.0,2.2
Mizoram,Mizoram District 2,2022,2591,316102,262513,193085,6.7,27.4,49.7,2.0
Mizoram,Mizoram District 2,2023,2591,279828,211455,132592,8.7,21.3,43.1,3.0
Mizoram,Mizoram District 3,2018,2458,344120,282843,222086,15.5,25.0,44.8,3.2
Mizoram,Mizoram District 3,2019,2458,312166,212785,152803,9.1,12.9,48.4,2.1
Mizoram,Mizoram District 3,2020,2458,270380,186994,138369,17.3,22.0,50.3,2.0
Mizoram,Mizoram District 3,2021,2458,302334,204091,134544,15.8,18.3,51.0,2.6
Mizoram,Mizoram District 3,2022,2458,471936,306722,222362,4.3,24.5,47.3,4.4
Mizoram,Mizoram District 3,2023,2458,258090,173757,122667,4.9,18.4,51.1,3.8
Mizoram,Mizoram District 4,2018,2412,301500,191190,113570,3.2,29.2,43.8,3.4
Mizoram,Mizoram District 4,2019,2412,455868,337465,262900,4.9,20.8,50.1,1.6
Mizoram,Mizoram District 4,2020,2412,246024,193839,137816,16.3,15.4,51.9,4.4
Mizoram,Mizoram District 4,2021,2412,467928,347704,256382,1.5,13.8,43.5,1.9
Mizoram,Mizoram District 4,2022,2412,217080,162514,112883,7.2,19.6,48.2,3.1
Mizoram,Mizoram District 4,2023,2412,378684,272237,164168,13.8,7.7,42.5,2.1
Nagaland,Nagaland District 1,2018,724,119460,84172,59237,3.2,9.0,50.9,3.4
Nagaland,Nagaland District 1,2019,724,92672,73936,56234,17.6,9.2,49.3,2.9
Nagaland,Nagaland District 1,2020,724,73124,58420,36365,2.1,10.0,46.7,4.2
Nagaland,Nagaland District 1,2021,724,135388,90412,63436,6.4,15.2,47.0,3.4
Nagaland,Nagaland District 1,2022,724,61540,44011,26577,5.5,29.5,45.1,2.2
Nagaland,Nagaland District 1,2023,724,133940,81960,58045,7.7,25.5,44.4,2.2
Nagaland,Nagaland District 2,2018,2059,337676,276649,174996,6.3,9.8,46.9,2.2
Nagaland,Nagaland District 2,2019,2059,199723,126955,70221,9.7,7.6,46.1,2.9
Nagaland,Nagaland District 2,2020,2059,302673,182545,106478,15.1,20.5,44.1,2.6
Nagaland,Nagaland District 2,2021,2059,380915,239074,138518,13.2,22.3,44.5,3.5
Nagaland,Nagaland District 2,2022,2059,352089,276549,173256,6.6,12.5,50.2,4.2
Nagaland,Nagaland District 2,2023,2059,189428,147344,81537,13.4,9.5,46.4,3.0
Nagaland,Nagaland District 3,2018,1178,130758,106424,68385,3.1,17.5,47.4,1.7
Nagaland,Nagaland District 3,2019,1178,214396,171097,115329,14.4,17.6,44.7,3.3
Nagaland,Nagaland District 3,2020,1178,121334,90022,54827,3.3,10.0,49.7,3.5
Nagaland,Nagaland District 3,2021,1178,98952,63422,40354,4.3,28.1,51.0,4.2
Nagaland,Nagaland District 3,2022,1178,146072,121780,68597,10.9,9.6,51.2,1.7
Nagaland,Nagaland District 3,2023,1178,114266,82891,54443,14.0,14.3,44.1,4.4
Nagaland,Nagaland District 4,2018,2352,444528,367529,234190,3.3,9.8,49.9,4.5
Nagaland,Nagaland District 4,2019,2352,439824,277715,169559,3.6,14.9,43.9,4.3
Nagaland,Nagaland District 4,2020,2352,418656,271295,168464,7.3,20.9,47.4,1.9
Nagaland,Nagaland District 4,2021,2352,317520,217503,156197,5.6,26.8,49.0,3.6
Nagaland,Nagaland District 4,2022,2352,468048,396841,295839,2.3,6.0,50.7,2.8
Nagaland,Nagaland District 4,2023,2352,385728,264504,184750,1.8,11.0,42.7,3.1
Odisha,Odisha District 1,2018,2176,241536,193965,146456,5.8,10.3,46.8,1.9
Odisha,Odisha District 1,2019,2176,224128,182428,107291,13.1,7.8,44.5,4.3
Odisha,Odisha District 1,2020,2176,230656,173297,107260,11.3,21.8,45.8,2.4
Odisha,Odisha District 1,2021,2176,261120,165858,128902,17.2,25.9,42.3,4.1
Odisha,Odisha District 1,2022,2176,409088,303536,203618,12.1,29.6,44.5,2.8
Odisha,Odisha District 1,2023,2176,363392,301052,206611,4.9,28.7,50.2,4.0
Odisha,Odisha District 2,2018,1003,104312,80672,57614,6.6,7.2,49.2,1.9
Odisha,Odisha District 2,2019,1003,102306,62649,38384,5.1,28.6,43.3,4.0
Odisha,Odisha District 2,2020,1003,115345,96695,75204,16.9,23.8,44.5,4.4
Odisha,Odisha District 2,2021,1003,91273,71653,49779,13.8,13.5,46.3,3.4
Odisha,Odisha District 2,2022,1003,142426,100490,68904,5.4,18.7,51.8,4.4
Odisha,Odisha District 2,2023,1003,113339,72201,55735,3.1,19.9,48.3,2.3
Odisha,Odisha District 3,2018,1979,237480,149696,119641,3.4,14.7,51.4,4.2
Odisha,Odisha District 3,2019,1979,393821,317197,176258,7.7,21.2,48.8,3.3
Odisha,Odisha District 3,2020,1979,259249,170950,107194,6.6,23.7,43.1,2.8
Odisha,Odisha District 3,2021,1979,304766,185768,142611,4.8,9.6,49.2,1.9
Odisha,Odisha District 3,2022,1979,253312,206783,156738,6.4,15.9,51.4,4.2
Odisha,Odisha District 3,2023,1979,322577,273358,213429,2.8,19.3,44.5,2.4
Odisha,Odisha District 4,2018,555,77145,54573,31571,5.5,24.0,43.8,2.6
Odisha,Odisha District 4,2019,555,62160,50860,32474,7.7,13.5,47.2,4.2
Odisha,Odisha District 4,2020,555,82140,54953,42307,17.6,5.6,48.3,2.1
Odisha,Odisha District 4,2021,555,66600,49675,37777,5.1,29.6,49.0,3.2
Odisha,Odisha District 4,2022,555,56610,47388,37835,8.4,10.3,50.2,4.1
Odisha,Odisha District 4,2023,555,68265,49723,31278,15.5,6.7,46.3,3.9
Punjab,Punjab District 1,2018,482,52056,31497,21132,3.5,18.3,45.3,4.0
Punjab,Punjab District 1,2019,482,74228,56755,37847,11.5,10.4,51.3,1.5
Punjab,Punjab District 1,2020,482,92062,75931,49120,12.6,28.3,49.8,3.9
Punjab,Punjab District 1,2021,482,60732,40418,30757,17.0,20.0,49.5,2.9
Punjab,Punjab District 1,2022,482,54948,37950,28043,18.0,12.3,51.9,3.1
Punjab,Punjab District 1,2023,482,69408,57065,34535,11.1,25.3,46.2,3.1
Punjab,Punjab District 2,2018,985,107365,78688,52742,9.9,15.3,43.9,3.7
Punjab,Punjab District 2,2019,985,166465,121931,85963,3.5,22.3,42.4,2.6
Punjab,Punjab District 2,2020,985,140855,101220,76208,5.5,5.8,44.4,1.8
Punjab,Punjab District 2,2021,985,162525,119748,71275,6.3,21.7,42.4,4.5
Punjab,Punjab District 2,2022,985,179270,133000,103533,10.4,25.5,42.4,4.3
Punjab,Punjab District 2,2023,985,147750,124307,73703,4.5,19.4,42.7,3.5
Punjab,Punjab District 3,2018,2690,290520,214910,122331,7.6,26.4,47.3,2.1
Punjab,Punjab District 3,2019,2690,217890,143817,99090,8.5,5.6,48.8,3.1
Punjab,Punjab District 3,2020,2690,422330,320066,197729,8.5,14.0,45.3,3.8
Punjab,Punjab District 3,2021,2690,449230,333899,247734,13.9,17.1,49.9,3.3
Punjab,Punjab District 3,2022,2690,486890,374445,210999,10.7,19.6,45.0,3.0
Punjab,Punjab District 3,2023,2690,217890,169940,100972,12.1,19.2,42.3,2.7
Punjab,Punjab District 4,2018,2735,278970,175298,127608,2.6,15.7,51.8,4.0
Punjab,Punjab District 4,2019,2735,393840,251129,182685,15.6,21.5,49.4,1.8
Punjab,Punjab District 4,2020,2735,533325,421551,255123,17.2,6.5,44.3,3.7
Punjab,Punjab District 4,2021,2735,322730,265800,190311,10.5,16.8,43.0,2.4
Punjab,Punjab District 4,2022,2735,467685,349819,211678,5.9,26.9,43.1,1.7
Punjab,Punjab District 4,2023,2735,511445,360335,266196,12.5,28.8,43.6,3.2
Rajasthan,Jaipur,2018,663,119340,97803,73603,10.0,22.1,49.5,1.6
Rajasthan,Jaipur,2019,663,74256,58309,36887,4.0,11.5,43.3,2.9
Rajasthan,Jaipur,2020,663,73593,56993,35364,9.2,7.3,51.1,4.2
Rajasthan,Jaipur,2021,663,54366,44695,25821,4.1,22.8,42.7,4.4
Rajasthan,Jaipur,2022,663,95472,68755,41280,2.1,18.2,50.0,2.0
Rajasthan,Jaipur,2023,663,121992,74223,42766,4.1,16.2,48.5,2.7
Rajasthan,Jodhpur,2018,1250,103750,68909,45439,7.0,21.8,46.6,2.6
Rajasthan,Jodhpur,2019,1250,100000,60725,38543,9.2,28.7,47.4,2.9
Rajasthan,Jodhpur,2020,1250,226250,149458,94375,11.8,22.4,49.6,1.7
Rajasthan,Jodhpur,2021,1250,160000,114879,88359,4.0,20.4,51.2,1.7
Rajasthan,Jodhpur,2022,1250,106250,89002,61260,3.3,17.2,47.8,2.3
Rajasthan,Jodhpur,2023,1250,161250,132030,93660,4.3,29.5,45.5,3.0
Rajasthan,Udaipur,2018,2585,338635,273024,187879,4.3,10.7,47.0,3.4
Rajasthan,Udaipur,2019,2585,325710,239216,185297,11.3,20.6,48.2,2.2
Rajasthan,Udaipur,2020,2585,377410,298046,164005,2.8,15.1,50.9,1.7
Rajasthan,Udaipur,2021,2585,268840,202569,112474,3.1,11.3,51.5,3.2
Rajasthan,Udaipur,2022,2585,369655,257132,169261,13.9,19.1,48.6,3.6
Rajasthan,Udaipur,2023,2585,480810,321721,184745,16.1,23.5,49.3,1.9
Rajasthan,Kota,2018,2416,454208,292109,214207,18.0,12.2,45.0,1.9
Rajasthan,Kota,2019,2416,311664,230051,139196,1.8,28.1,49.7,3.3
Rajasthan,Kota,2020,2416,306832,215206,158664,6.3,16.3,42.5,3.7
Rajasthan,Kota,2021,2416,326160,222260,167882,4.1,6.1,46.3,3.6
Rajasthan,Kota,2022,2416,330992,280764,214176,2.9,18.8,46.8,2.7
Rajasthan,Kota,2023,2416,446960,357531,229396,8.0,19.3,51.5,2.6
Rajasthan,Ajmer,2018,886,110750,74422,41456,7.4,22.0,44.4,2.4
Rajasthan,Ajmer,2019,886,155936,102024,71823,4.5,8.3,48.6,2.6
Rajasthan,Ajmer,2020,886,156822,132603,101385,13.0,19.6,47.7,4.3
Rajasthan,Ajmer,2021,886,152392,113804,63223,17.5,16.0,46.3,1.8
Rajasthan,Ajmer,2022,886,163024,101095,63545,3.3,21.0,48.6,2.7
Rajasthan,Ajmer,2023,886,118724,75382,59391,6.6,9.6,46.3,3.7
Rajasthan,Bikaner,2018,1246,188146,149083,96101,7.7,18.6,45.6,1.6
Rajasthan,Bikaner,2019,1246,140798,114322,67545,9.4,19.9,44.0,3.4
Rajasthan,Bikaner,2020,1246,149520,114422,67238,3.3,25.2,46.5,3.7
Rajasthan,Bikaner,2021,1246,112140,78116,49324,12.5,6.6,48.7,3.8
Rajasthan,Bikaner,2022,1246,235494,176287,111310,7.4,11.0,46.1,3.4
Rajasthan,Bikaner,2023,1246,115878,82041,51446,3.7,27.2,43.7,2.0
Rajasthan,Bharatpur,2018,2092,257316,200545,153021,3.1,18.3,46.0,2.4
Rajasthan,Bharatpur,2019,2092,190372,150997,117933,13.1,11.8,45.7,2.9
Rajasthan,Bharatpur,2020,2092,209200,163810,108237,10.4,20.3,42.1,1.9
Rajasthan,Bharatpur,2021,2092,343088,282597,220833,4.4,6.1,43.5,3.6
Rajasthan,Bharatpur,2022,2092,340996,284128,208765,9.8,27.5,42.1,3.9
Rajasthan,Bharatpur,2023,2092,179912,114921,79655,8.4,25.1,45.7,2.5
Rajasthan,Alwar,2018,1122,95370,62565,49983,9.5,9.1,47.7,2.0
Rajasthan,Alwar,2019,1122,217668,152939,106179,5.0,19.2,44.8,4.0
Rajasthan,Alwar,2020,1122,201960,170088,112058,9.7,16.9,50.7,2.4
Rajasthan,Alwar,2021,1122,127908,100070,75832,10.1,17.1,47.7,3.2
Rajasthan,Alwar,2022,1122,209814,171086,104769,8.1,19.1,47.2,4.2
Rajasthan,Alwar,2023,1122,149226,92736,71082,4.9,27.2,48.2,3.6
Sikkim,Sikkim District 1,2018,2426,203784,152515,115959,12.7,5.7,50.4,3.4
Sikkim,Sikkim District 1,2019,2426,254730,202636,128574,2.6,28.4,45.2,2.9
Sikkim,Sikkim District 1,2020,2426,395438,301496,193836,7.0,28.2,46.4,4.0
Sikkim,Sikkim District 1,2021,2426,443958,273900,216949,12.2,6.9,50.2,2.3
Sikkim,Sikkim District 1,2022,2426,322658,254247,180961,4.3,26.1,48.3,2.1
Sikkim,Sikkim District 1,2023,2426,368752,228356,177177,6.9,18.4,49.2,2.2
Sikkim,Sikkim District 2,2018,272,48144,30212,18889,16.8,13.1,47.0,3.8
Sikkim,Sikkim District 2,2019,272,32096,20817,12191,15.5,8.2,47.0,2.6
Sikkim,Sikkim District 2,2020,272,34544,20896,14705,7.1,8.4,50.4,4.4
Sikkim,Sikkim District 2,2021,272,35360,25469,17382,16.8,9.1,45.5,3.4
Sikkim,Sikkim District 2,2022,272,31552,22562,14779,10.4,26.1,50.6,3.7
Sikkim,Sikkim District 2,2023,272,44880,28697,19436,11.3,12.1,44.0,2.7
Sikkim,Sikkim District 3,2018,1896,329904,274994,198215,16.0,17.1,44.1,4.1
Sikkim,Sikkim District 3,2019,1896,263544,197994,113057,5.6,29.3,45.4,3.3
Sikkim,Sikkim District 3,2020,1896,309048,261284,148270,13.5,25.6,50.3,1.6
Sikkim,Sikkim District 3,2021,1896,309048,246976,170782,14.7,21.0,42.4,2.7
Sikkim,Sikkim District 3,2022,1896,316632,243125,148427,8.3,8.0,51.8,3.4
Sikkim,Sikkim District 3,2023,1896,316632,236235,166714,6.9,5.1,43.6,1.9
Sikkim,Sikkim District 4,2018,266,34846,21079,15181,11.5,17.0,49.2,2.6
Sikkim,Sikkim District 4,2019,266,36708,30189,23224,1.9,27.8,49.2,1.6
Sikkim,Sikkim District 4,2020,266,32984,24670,18912,12.3,7.9,50.5,3.9
Sikkim,Sikkim District 4,2021,266,42028,30657,22729,11.8,15.2,45.6,3.0
Sikkim,Sikkim District 4,2022,266,43092,27314,20450,13.6,21.5,47.6,2.1
Sikkim,Sikkim District 4,2023,266,36708,22253,16902,12.6,23.5,42.8,3.6
Tamil Nadu,Chennai,2018,812,69832,59030,44112,14.9,12.7,47.5,3.8
Tamil Nadu,Chennai,2019,812,138852,84536,46633,12.8,22.5,47.8,3.8
Tamil Nadu,Chennai,2020,812,86884,69541,46468,14.2,16.8,44.2,3.7
Tamil Nadu,Chennai,2021,812,159152,120392,68893,9.4,22.5,43.8,3.8
Tamil Nadu,Chennai,2022,812,95004,58203,32267,11.5,13.7,43.9,3.4
Tamil Nadu,Chennai,2023,812,106372,72935,40743,12.7,8.4,48.5,3.0
Tamil Nadu,Coimbatore,2018,2006,274822,181395,116213,5.7,8.2,49.6,2.5
Tamil Nadu,Coimbatore,2019,2006,359074,280652,175405,15.5,23.4,51.0,3.0
Tamil Nadu,Coimbatore,2020,2006,337008,238613,170681,10.8,16.5,46.3,3.0
Tamil Nadu,Coimbatore,2021,2006,357068,238707,172307,11.3,13.4,48.9,4.3
Tamil Nadu,Coimbatore,2022,2006,337008,280828,214676,13.7,29.3,42.3,3.3
Tamil Nadu,Coimbatore,2023,2006,310930,240814,133629,13.2,19.7,46.2,1.6
Tamil Nadu,Madurai,2018,2549,351762,214461,159743,7.8,20.4,47.9,3.4
Tamil Nadu,Madurai,2019,2549,397644,267892,196022,12.5,12.4,44.0,1.9
Tamil Nadu,Madurai,2020,2549,229410,151104,97385,14.4,14.1,47.6,4.3
Tamil Nadu,Madurai,2021,2549,214116,179240,119326,14.5,18.2,50.1,2.8
Tamil Nadu,Madurai,2022,2549,438428,289450,171708,17.8,12.8,50.1,3.8
Tamil Nadu,Madurai,2023,2549,418036,261853,157027,17.8,29.9,50.2,3.4
Tamil Nadu,Tiruchirappalli,2018,214,23112,18792,12073,3.1,13.5,50.8,3.1
Tamil Nadu,Tiruchirappalli,2019,214,25894,16053,11889,3.2,12.2,42.9,2.1
Tamil Nadu,Tiruchirappalli,2020,214,40018,33753,19417,4.9,14.4,48.8,3.7
Tamil Nadu,Tiruchirappalli,2021,214,37878,24526,17130,16.4,24.1,43.8,1.8
Tamil Nadu,Tiruchirappalli,2022,214,35952,22629,15665,12.0,14.4,51.6,1.6
Tamil Nadu,Tiruchirappalli,2023,214,30816,25269,16744,11.0,6.7,51.9,3.3
Tamil Nadu,Salem,2018,1498,181258,119679,85540,10.8,7.0,46.6,3.7
Tamil Nadu,Salem,2019,1498,145306,106694,77391,7.6,19.6,49.8,2.8
Tamil Nadu,Salem,2020,1498,269640,214845,145434,12.7,12.1,48.2,4.5
Tamil Nadu,Salem,2021,1498,251664,185161,118216,9.5,14.4,51.9,2.2
Tamil Nadu,Salem,2022,1498,208222,131537,96961,4.3,21.4,46.3,2.6
Tamil Nadu,Salem,2023,1498,220206,141016,86308,13.5,10.4,43.9,1.7
Tamil Nadu,Tiruppur,2018,2551,357140,255660,152049,2.5,28.9,49.2,3.7
Tamil Nadu,Tiruppur,2019,2551,280610,172105,129526,11.9,8.3,51.1,3.3
Tamil Nadu,Tiruppur,2020,2551,403058,316863,181329,13.8,5.9,46.7,3.8
Tamil Nadu,Tiruppur,2021,2551,477037,302464,188914,14.6,13.2,50.3,3.6
Tamil Nadu,Tiruppur,2022,2551,436221,304869,216954,5.6,28.9,47.4,3.6
Tamil Nadu,Tiruppur,2023,2551,426017,299953,208674,13.9,10.4,49.6,1.6
Tamil Nadu,Erode,2018,1696,298496,230073,181827,13.1,7.8,49.8,2.3
Tamil Nadu,Erode,2019,1696,142464,111602,84352,9.1,19.8,42.9,2.1
Tamil Nadu,Erode,2020,1696,325632,260406,155130,17.6,15.6,47.2,3.3
Tamil Nadu,Erode,2021,1696,256096,201568,139031,14.2,5.4,48.2,2.3
Tamil Nadu,Erode,2022,1696,267968,209261,118031,5.2,18.6,47.3,3.4
Tamil Nadu,Erode,2023,1696,213696,142410,110572,8.5,9.4,47.4,2.1
Tamil Nadu,Vellore,2018,2556,230040,173149,132344,6.8,8.1,51.8,1.7
Tamil Nadu,Vellore,2019,2556,332280,273749,169135,11.4,17.9,50.4,1.7
Tamil Nadu,Vellore,2020,2556,204480,133050,99351,17.8,13.7,49.2,2.8
Tamil Nadu,Vellore,2021,2556,373176,274049,194598,2.0,12.1,42.9,2.5
Tamil Nadu,Vellore,2022,2556,235152,178533,106892,12.0,22.5,47.4,2.8
Tamil Nadu,Vellore,2023,2556,286272,200082,150377,1.8,11.1,44.0,4.5
Telangana,Telangana District 1,2018,402,59496,45001,35905,17.4,25.6,47.4,4.5
Telangana,Telangana District 1,2019,402,51054,33421,21901,3.2,24.4,52.0,3.0
Telangana,Telangana District 1,2020,402,72762,48340,34842,5.2,7.7,51.4,4.4
Telangana,Telangana District 1,2021,402,64320,39522,27407,3.6,28.3,44.1,2.5
Telangana,Telangana District 1,2022,402,68742,41501,26754,9.7,23.2,44.6,4.2
Telangana,Telangana District 1,2023,402,78390,60690,35847,16.9,14.8,43.5,2.2
Telangana,Telangana District 2,2018,1746,295074,213473,141186,13.4,15.7,50.0,2.8
Telangana,Telangana District 2,2019,1746,240948,193679,148960,6.8,16.3,50.8,4.0
Telangana,Telangana District 2,2020,1746,221742,148633,111775,9.1,12.7,49.2,1.9
Telangana,Telangana District 2,2021,1746,343962,239185,139227,8.0,12.9,43.0,3.2
Telangana,Telangana District 2,2022,1746,158886,133868,100475,15.3,14.3,45.2,4.1
Telangana,Telangana District 2,2023,1746,143172,115160,76451,1.5,8.4,51.7,2.3
Telangana,Telangana District 3,2018,2121,422079,300426,170157,8.3,29.4,48.8,4.1
Telangana,Telangana District 3,2019,2121,398748,323344,182813,5.5,6.1,42.2,4.0
Telangana,Telangana District 3,2020,2121,390264,308161,192832,7.3,21.6,42.8,2.3
Telangana,Telangana District 3,2021,2121,413595,254207,198522,12.6,7.6,46.4,3.8
Telangana,Telangana District 3,2022,2121,292698,215516,172048,14.4,22.8,48.1,3.4
Telangana,Telangana District 3,2023,2121,332997,219882,132668,5.6,24.3,49.2,1.9
Telangana,Telangana District 4,2018,751,65337,47607,33242,12.1,15.8,49.5,4.2
Telangana,Telangana District 4,2019,751,107393,86353,58004,10.3,7.8,46.5,4.2
Telangana,Telangana District 4,2020,751,114152,72978,49790,5.5,22.2,47.3,3.9
Telangana,Telangana District 4,2021,751,137433,108973,77412,4.1,28.3,45.5,4.2
Telangana,Telangana District 4,2022,751,123915,88264,52174,10.0,20.4,45.4,3.1
Telangana,Telangana District 4,2023,751,148698,107673,85803,4.1,20.6,47.8,3.4
Tripura,Tripura District 1,2018,2388,236412,169211,130894,16.1,7.7,45.6,1.7
Tripura,Tripura District 1,2019,2388,427452,289207,225344,12.8,19.8,44.4,4.3
Tripura,Tripura District 1,2020,2388,341484,247705,161821,2.3,15.5,42.9,1.5
Tripura,Tripura District 1,2021,2388,417900,286308,175474,2.3,8.1,43.6,3.0
Tripura,Tripura District 1,2022,2388,257904,157994,96547,15.5,18.9,49.5,2.7
Tripura,Tripura District 1,2023,2388,470436,389236,250043,8.2,6.9,43.0,4.4
Tripura,Tripura District 2,2018,2079,343035,232040,138891,3.5,15.8,52.0,1.6
Tripura,Tripura District 2,2019,2079,205821,133340,92690,9.1,22.9,51.8,4.0
Tripura,Tripura District 2,2020,2079,407484,262403,178595,13.6,28.0,47.2,2.6
Tripura,Tripura District 2,2021,2079,205821,159949,92493,17.6,9.8,51.1,2.4
Tripura,Tripura District 2,2022,2079,205821,147160,101834,3.9,22.7,42.7,2.2
Tripura,Tripura District 2,2023,2079,261954,180160,122767,15.1,24.1,50.8,2.3
Tripura,Tripura District 3,2018,753,86595,54816,38216,2.5,20.4,50.3,2.2
Tripura,Tripura District 3,2019,753,134787,95709,64023,6.0,7.6,44.1,2.2
Tripura,Tripura District 3,2020,753,140058,96904,66221,17.4,22.0,42.5,3.2
Tripura,Tripura District 3,2021,753,64758,43225,27762,1.5,16.7,49.8,4.2
Tripura,Tripura District 3,2022,753,118221,85451,68258,16.2,18.9,49.0,1.8
Tripura,Tripura District 3,2023,753,74547,61759,35392,3.8,8.4,50.8,3.9
Tripura,Tripura District 4,2018,2611,389039,265147,158165,14.1,26.8,42.7,2.8
Tripura,Tripura District 4,2019,2611,396872,265682,148813,1.8,28.3,47.7,4.1
Tripura,Tripura District 4,2020,2611,355096,241819,165392,5.5,7.3,44.7,1.9
Tripura,Tripura District 4,2021,2611,224546,161518,97695,13.1,13.7,42.8,4.0
Tripura,Tripura District 4,2022,2611,454314,275905,189025,16.0,21.7,42.0,3.3
Tripura,Tripura District 4,2023,2611,493479,313770,209497,2.3,30.0,50.6,2.3
Uttar Pradesh,Lucknow,2018,628,52752,43468,27681,2.0,29.9,42.7,4.4
Uttar Pradesh,Lucknow,2019,628,92316,77037,43013,9.5,17.8,49.7,1.8
Uttar Pradesh,Lucknow,2020,628,99224,78238,48488,10.3,29.5,44.8,4.0
Uttar Pradesh,Lucknow,2021,628,106132,88186,62519,7.8,9.4,45.5,3.0
Uttar Pradesh,Lucknow,2022,628,52124,38284,27197,8.2,6.1,44.2,2.9
Uttar Pradesh,Lucknow,2023,628,65312,39533,29232,2.0,11.8,43.2,2.5
Uttar Pradesh,Kanpur,2018,300,24900,16570,10983,8.8,7.9,42.4,1.8
Uttar Pradesh,Kanpur,2019,300,25800,21705,15170,9.9,22.4,50.8,1.5
Uttar Pradesh,Kanpur,2020,300,40800,33560,19118,11.8,22.3,44.5,3.3
Uttar Pradesh,Kanpur,2021,300,27900,20258,12721,17.1,20.2,47.9,1.8
Uttar Pradesh,Kanpur,2022,300,44100,27959,19490,14.9,23.6,50.2,2.2
Uttar Pradesh,Kanpur,2023,300,44700,34559,21529,2.5,7.9,44.9,1.6
Uttar Pradesh,Varanasi,2018,724,114392,97171,75177,10.1,14.5,47.0,2.8
Uttar Pradesh,Varanasi,2019,724,57920,46900,35165,7.2,26.2,42.3,2.0
Uttar Pradesh,Varanasi,2020,724,97740,77103,59634,8.3,5.7,51.7,3.4
Uttar Pradesh,Varanasi,2021,724,136112,99811,75715,10.2,8.4,44.7,2.0
Uttar Pradesh,Varanasi,2022,724,63712,38635,23674,10.6,15.5,44.1,2.6
Uttar Pradesh,Varanasi,2023,724,86880,68070,40739,6.5,14.5,45.7,4.3
Uttar Pradesh,Agra,2018,1888,247328,158727,91007,14.6,23.8,50.3,2.7
Uttar Pradesh,Agra,2019,1888,313408,208999,149754,15.4,15.6,45.3,3.3
Uttar Pradesh,Agra,2020,1888,358720,217012,119753,4.9,23.0,46.6,4.2
Uttar Pradesh,Agra,2021,1888,264320,182558,103927,5.4,22.6,48.4,1.9
Uttar Pradesh,Agra,2022,1888,207680,163545,109065,14.6,25.6,51.7,2.6
Uttar Pradesh,Agra,2023,1888,286976,190540,108214,14.5,25.4,42.1,1.6
Uttar Pradesh,Prayagraj,2018,2363,446607,367058,219843,2.5,26.6,44.4,2.5
Uttar Pradesh,Prayagraj,2019,2363,356813,229777,155228,7.3,11.6,50.3,4.5
Uttar Pradesh,Prayagraj,2020,2363,387532,301545,212390,14.0,15.9,45.6,3.6
Uttar Pradesh,Prayagraj,2021,2363,295375,193143,144612,4.3,9.2,47.0,3.7
Uttar Pradesh,Prayagraj,2022,2363,274108,201798,130422,4.6,5.7,49.5,3.4
Uttar Pradesh,Prayagraj,2023,2363,283560,188723,105073,7.7,8.9,45.1,2.0
Uttar Pradesh,Ghaziabad,2018,2927,582473,428980,239189,15.6,26.9,42.5,4.0
Uttar Pradesh,Ghaziabad,2019,2927,333678,240447,174126,13.8,11.5,47.8,3.3
Uttar Pradesh,Ghaziabad,2020,2927,365875,290619,188517,12.2,17.0,44.1,2.6
Uttar Pradesh,Ghaziabad,2021,2927,515152,335540,241828,13.5,18.7,47.7,3.4
Uttar Pradesh,Ghaziabad,2022,2927,573692,371071,287348,6.8,9.5,47.0,4.2
Uttar Pradesh,Ghaziabad,2023,2927,251722,164165,117107,2.3,27.8,49.4,4.0
Uttar Pradesh,Meerut,2018,805,147315,102907,65149,8.6,29.2,51.3,4.4
Uttar Pradesh,Meerut,2019,805,72450,52662,31640,15.4,6.8,42.3,2.3
Uttar Pradesh,Meerut,2020,805,83720,63519,38348,11.7,19.6,50.7,3.2
Uttar Pradesh,Meerut,2021,805,155365,93553,53344,7.7,27.2,50.0,1.5
Uttar Pradesh,Meerut,2022,805,135240,100881,75927,4.6,11.8,48.6,2.1
Uttar Pradesh,Meerut,2023,805,115920,95348,54773,8.0,21.4,45.0,2.8
Uttar Pradesh,Bareilly,2018,1235,139555,90648,55735,7.7,29.4,46.4,4.1
Uttar Pradesh,Bareilly,2019,1235,223535,148051,93591,9.3,11.8,43.3,2.3
Uttar Pradesh,Bareilly,2020,1235,216125,149355,118617,17.8,19.9,51.1,4.3
Uttar Pradesh,Bareilly,2021,1235,214890,162945,99551,5.1,11.6,42.7,2.6
Uttar Pradesh,Bareilly,2022,1235,245765,194175,138345,9.6,12.3,45.3,3.9
Uttar Pradesh,Bareilly,2023,1235,180310,143882,85756,6.1,24.0,50.1,3.1
Uttarakhand,Uttarakhand District 1,2018,1142,210128,132955,74367,4.7,8.1,44.9,1.6
Uttarakhand,Uttarakhand District 1,2019,1142,124478,80104,47978,7.7,5.2,43.0,3.6
Uttarakhand,Uttarakhand District 1,2020,1142,175868,139985,84843,15.4,13.0,46.5,2.5
Uttarakhand,Uttarakhand District 1,2021,1142,227258,181951,115699,14.0,7.6,43.8,2.5
Uttarakhand,Uttarakhand District 1,2022,1142,143892,121676,78685,14.5,12.9,42.3,2.7
Uttarakhand,Uttarakhand District 1,2023,1142,91360,73484,49864,6.7,29.3,42.4,3.3
Uttarakhand,Uttarakhand District 2,2018,2199,202308,148392,85090,11.9,8.4,46.6,3.2
Uttarakhand,Uttarakhand District 2,2019,2199,299064,229085,127241,12.0,15.0,47.6,1.9
Uttarakhand,Uttarakhand District 2,2020,2199,395820,325522,228576,2.6,14.5,48.8,3.7
Uttarakhand,Uttarakhand District 2,2021,2199,413412,277516,158227,8.3,19.6,43.4,3.2
Uttarakhand,Uttarakhand District 2,2022,2199,367233,268510,181493,15.9,29.0,49.8,3.4
Uttarakhand,Uttarakhand District 2,2023,2199,393621,269207,213135,3.8,21.3,45.2,2.4
Uttarakhand,Uttarakhand District 3,2018,251,34889,21889,14961,2.2,15.0,49.5,2.6
Uttarakhand,Uttarakhand District 3,2019,251,43674,29033,20185,6.6,24.2,44.2,3.0
Uttarakhand,Uttarakhand District 3,2020,251,38654,30670,18287,13.6,29.4,51.6,3.2
Uttarakhand,Uttarakhand District 3,2021,251,40913,24884,15420,5.1,6.6,45.7,3.6
Uttarakhand,Uttarakhand District 3,2022,251,22339,17617,11936,3.1,13.2,48.4,2.1
Uttarakhand,Uttarakhand District 3,2023,251,39658,28559,19574,7.4,25.7,49.1,1.6
Uttarakhand,Uttarakhand District 4,2018,1418,209864,143702,100078,16.9,22.7,45.9,3.8
Uttarakhand,Uttarakhand District 4,2019,1418,224044,170896,134687,13.9,27.0,51.2,4.4
Uttarakhand,Uttarakhand District 4,2020,1418,119112,72356,45165,2.6,7.6,42.7,1.8
Uttarakhand,Uttarakhand District 4,2021,1418,168742,132331,97313,4.2,25.8,47.8,2.9
Uttarakhand,Uttarakhand District 4,2022,1418,154562,99567,68741,10.3,28.5,47.8,2.2
Uttarakhand,Uttarakhand District 4,2023,1418,199938,126044,70090,2.3,6.0,46.7,2.4
West Bengal,Kolkata,2018,2239,356001,218340,142475,14.9,12.2,48.3,4.0
West Bengal,Kolkata,2019,2239,192554,127937,93475,14.4,15.9,47.7,2.3
West Bengal,Kolkata,2020,2239,423171,329680,191760,16.5,10.5,49.1,3.7
West Bengal,Kolkata,2021,2239,420932,258767,178214,17.7,23.1,48.9,4.1
West Bengal,Kolkata,2022,2239,335850,280360,218190,16.1,8.4,45.8,4.1
West Bengal,Kolkata,2023,2239,203749,146821,98067,14.7,27.0,49.3,2.6
West Bengal,Howrah,2018,316,45504,35884,23426,5.2,25.7,51.5,3.5
West Bengal,Howrah,2019,316,49296,37493,21455,9.6,20.1,49.0,4.1
West Bengal,Howrah,2020,316,53720,39330,25115,15.1,24.1,49.7,2.3
West Bengal,Howrah,2021,316,26860,21625,15301,15.9,6.6,42.4,2.7
West Bengal,Howrah,2022,316,56248,36807,26201,11.9,29.7,48.2,3.1
West Bengal,Howrah,2023,316,57512,46798,33850,3.1,29.7,42.9,3.8
West Bengal,Durgapur,2018,1564,206448,171480,102971,15.7,14.6,48.0,3.7
West Bengal,Durgapur,2019,1564,256496,168949,99274,5.5,10.0,50.2,4.4
West Bengal,Durgapur,2020,1564,258060,164531,114361,4.9,21.0,45.7,2.5
West Bengal,Durgapur,2021,1564,176732,150010,99021,10.3,9.3,44.9,3.8
West Bengal,Durgapur,2022,1564,225216,187171,139160,15.8,25.2,42.8,3.3
West Bengal,Durgapur,2023,1564,184552,134218,104285,10.9,18.0,45.4,4.4
West Bengal,Asansol,2018,2063,245497,208535,159861,15.2,16.0,48.3,4.4
West Bengal,Asansol,2019,2063,290883,204620,158431,14.9,25.3,51.8,1.5
West Bengal,Asansol,2020,2063,350710,226170,142867,6.2,8.8,45.8,3.5
West Bengal,Asansol,2021,2063,309450,189385,133286,13.3,18.9,42.2,2.3
West Bengal,Asansol,2022,2063,325954,262318,208028,4.9,24.6,47.1,1.8
West Bengal,Asansol,2023,2063,379592,255859,161077,3.7,23.3,42.2,3.5
West Bengal,Siliguri,2018,682,80476,57100,40857,3.7,7.4,49.3,2.9
West Bengal,Siliguri,2019,682,57970,37586,22651,13.4,22.5,49.8,1.5
West Bengal,Siliguri,2020,682,106392,81521,45566,8.4,19.6,46.3,3.8
West Bengal,Siliguri,2021,682,84568,57673,40382,12.9,18.7,45.9,3.4
West Bengal,Siliguri,2022,682,119350,72247,44093,8.3,17.8,45.4,4.1
West Bengal,Siliguri,2023,682,71610,46274,34961,7.4,30.0,45.7,3.4
West Bengal,Bardhaman,2018,2672,227120,183113,121532,4.7,24.4,42.8,4.3
West Bengal,Bardhaman,2019,2672,496992,336289,261453,9.2,19.1,46.0,3.0
West Bengal,Bardhaman,2020,2672,456912,358976,199715,16.1,8.0,44.8,3.6
West Bengal,Bardhaman,2021,2672,261856,214903,157194,11.0,21.8,51.5,2.3
West Bengal,Bardhaman,2022,2672,510352,391476,222550,16.9,16.7,48.4,3.3
West Bengal,Bardhaman,2023,2672,464928,342999,242767,13.1,27.6,50.5,2.8
West Bengal,Malda,2018,229,36411,29601,22523,7.7,16.4,51.0,2.0
West Bengal,Malda,2019,229,38472,24201,14222,4.0,5.3,43.1,3.8
West Bengal,Malda,2020,229,36869,24534,16070,14.4,26.1,50.5,2.7
West Bengal,Malda,2021,229,39388,30609,23528,13.4,18.8,47.1,2.3
West Bengal,Malda,2022,229,34121,27993,22223,2.5,26.0,46.8,3.4
West Bengal,Malda,2023,229,43739,34092,27069,10.2,9.7,47.4,2.5
West Bengal,Murshidabad,2018,2155,426690,354667,238923,16.8,9.3,50.1,3.3
West Bengal,Murshidabad,2019,2155,219810,165720,99048,7.8,16.8,48.7,3.6
West Bengal,Murshidabad,2020,2155,368505,242750,162661,3.0,29.3,48.0,1.6
West Bengal,Murshidabad,2021,2155,321095,204023,151565,2.2,16.0,44.4,3.5
West Bengal,Murshidabad,2022,2155,407295,318530,252326,4.7,8.5,51.7,2.3
West Bengal,Murshidabad,2023,2155,431000,266555,149025,5.8,27.9,45.7,2.9
Delhi,Delhi District 1,2018,2943,394362,288655,173087,13.3,6.8,49.9,4.0
Delhi,Delhi District 1,2019,2943,529740,396701,305865,15.7,8.4,45.9,3.2
Delhi,Delhi District 1,2020,2943,526797,412156,245161,15.9,21.0,49.8,4.4
Delhi,Delhi District 1,2021,2943,379647,314300,224319,17.3,6.0,44.0,3.8
Delhi,Delhi District 1,2022,2943,361989,271968,179423,15.9,26.1,44.9,2.7
Delhi,Delhi District 1,2023,2943,488538,402248,237653,14.2,29.5,47.5,3.4
Delhi,Delhi District 2,2018,1182,198576,135122,95903,2.3,20.6,46.4,2.3
Delhi,Delhi District 2,2019,1182,154842,116261,69745,6.1,21.9,42.8,3.6
Delhi,Delhi District 2,2020,1182,185574,152838,94834,9.1,13.6,45.7,4.5
Delhi,Delhi District 2,2021,1182,236400,151634,107333,2.9,25.2,45.0,2.6
Delhi,Delhi District 2,2022,1182,206850,148182,81987,6.4,25.2,46.8,3.5
Delhi,Delhi District 2,2023,1182,143022,98377,59251,11.3,22.7,49.8,2.0
Delhi,Delhi District 3,2018,1352,267696,220324,135987,17.0,6.0,44.2,2.5
Delhi,Delhi District 3,2019,1352,189280,142035,82792,13.5,16.1,47.4,2.8
Delhi,Delhi District 3,2020,1352,179816,142201,98844,6.7,11.4,48.5,3.9
Delhi,Delhi District 3,2021,1352,174408,115895,87665,2.0,16.6,44.1,1.7
Delhi,Delhi District 3,2022,1352,123032,101210,61936,11.2,15.9,47.6,2.4
Delhi,Delhi District 3,2023,1352,181168,142490,80102,15.7,29.8,44.8,2.6
Delhi,Delhi District 4,2018,1388,162396,102734,81924,4.6,8.5,43.4,4.1
Delhi,Delhi District 4,2019,1388,212364,175922,134713,13.9,16.4,50.0,1.6
Delhi,Delhi District 4,2020,1388,162396,102373,63189,10.7,20.9,42.4,3.5
Delhi,Delhi District 4,2021,1388,277600,228012,131076,15.4,23.8,46.1,3.2
Delhi,Delhi District 4,2022,1388,163784,122609,94595,5.7,10.1,50.4,2.3
Delhi,Delhi District 4,2023,1388,112428,74859,45714,10.4,23.8,49.5,3.2
Jammu & Kashmir,Jammu & Kashmir District 1,2018,1478,143366,88684,55633,2.3,17.3,48.2,2.7
Jammu & Kashmir,Jammu & Kashmir District 1,2019,1478,146322,119588,76504,9.8,25.9,45.5,4.1
Jammu & Kashmir,Jammu & Kashmir District 1,2020,1478,149278,109700,62771,2.3,6.5,48.8,2.5
Jammu & Kashmir,Jammu & Kashmir District 1,2021,1478,158146,116265,66190,13.6,14.0,49.9,4.4
Jammu & Kashmir,Jammu & Kashmir District 1,2022,1478,277864,191563,138754,12.8,10.5,44.9,4.3
Jammu & Kashmir,Jammu & Kashmir District 1,2023,1478,255694,177387,139297,4.5,25.5,45.8,3.1
Jammu & Kashmir,Jammu & Kashmir District 2,2018,1808,303744,216284,171070,6.7,14.3,48.8,3.2
Jammu & Kashmir,Jammu & Kashmir District 2,2019,1808,271200,179997,116961,12.2,18.9,51.9,4.4
Jammu & Kashmir,Jammu & Kashmir District 2,2020,1808,151872,96327,55109,8.6,25.1,44.9,1.7
Jammu & Kashmir,Jammu & Kashmir District 2,2021,1808,292896,239608,187022,14.9,24.2,46.5,2.2
Jammu & Kashmir,Jammu & Kashmir District 2,2022,1808,144640,106543,69880,13.6,29.9,44.3,2.6
Jammu & Kashmir,Jammu & Kashmir District 2,2023,1808,305552,219343,165282,14.9,13.8,49.7,2.3
Jammu & Kashmir,Jammu & Kashmir District 3,2018,1187,163806,99352,71192,17.5,9.2,46.1,3.9
Jammu & Kashmir,Jammu & Kashmir District 3,2019,1187,112765,86418,57037,5.1,9.7,44.7,3.1
Jammu & Kashmir,Jammu & Kashmir District 3,2020,1187,237400,146695,95097,6.2,16.8,48.3,3.1
Jammu & Kashmir,Jammu & Kashmir District 3,2021,1187,121074,73409,55157,17.5,10.2,42.9,3.3
Jammu & Kashmir,Jammu & Kashmir District 3,2022,1187,142440,120052,90654,12.4,25.8,45.9,3.1
Jammu & Kashmir,Jammu & Kashmir District 3,2023,1187,174489,133267,106114,15.5,25.9,44.6,3.6
Jammu & Kashmir,Jammu & Kashmir District 4,2018,2048,313344,251565,178739,4.2,21.4,45.0,3.3
Jammu & Kashmir,Jammu & Kashmir District 4,2019,2048,333824,241252,140004,12.0,17.8,45.4,4.0
Jammu & Kashmir,Jammu & Kashmir District 4,2020,2048,268288,217082,159527,5.2,17.5,48.2,2.2
Jammu & Kashmir,Jammu & Kashmir District 4,2021,2048,186368,157732,98847,12.7,11.9,48.2,3.3
Jammu & Kashmir,Jammu & Kashmir District 4,2022,2048,376832,234366,132437,17.3,7.8,47.9,2.9
Jammu & Kashmir,Jammu & Kashmir District 4,2023,2048,206848,159000,90022,17.5,9.5,51.7,1.9
Puducherry,Puducherry District 1,2018,2070,343620,270688,151900,10.1,6.2,47.0,3.5
Puducherry,Puducherry District 1,2019,2070,207000,150008,112701,7.0,21.9,50.3,4.3
Puducherry,Puducherry District 1,2020,2070,256680,176148,109590,3.3,12.0,48.4,2.6
Puducherry,Puducherry District 1,2021,2070,233910,196366,129536,16.3,13.4,44.6,3.0
Puducherry,Puducherry District 1,2022,2070,393300,288078,221644,10.4,24.9,44.3,3.4
Puducherry,Puducherry District 1,2023,2070,399510,275570,158088,10.8,9.6,47.6,2.0
Puducherry,Puducherry District 2,2018,354,32214,20797,11650,10.7,26.4,46.5,2.5
Puducherry,Puducherry District 2,2019,354,60888,46426,35544,13.0,6.2,43.6,2.6
Puducherry,Puducherry District 2,2020,354,59118,47221,30257,3.0,7.7,44.6,3.5
Puducherry,Puducherry District 2,2021,354,44958,36965,27151,11.9,7.1,48.3,3.3
Puducherry,Puducherry District 2,2022,354,31506,25467,18299,6.9,12.6,43.4,3.9
Puducherry,Puducherry District 2,2023,354,64428,42103,33169,6.7,13.9,46.7,4.2
Puducherry,Puducherry District 3,2018,820,99220,66932,39174,6.1,20.8,46.1,2.2
Puducherry,Puducherry District 3,2019,820,150060,107319,72947,12.2,22.5,42.9,4.2
Puducherry,Puducherry District 3,2020,820,90200,73579,42605,15.2,20.0,43.3,2.2
Puducherry,Puducherry District 3,2021,820,126280,79544,54296,7.6,17.2,47.0,4.3
Puducherry,Puducherry District 3,2022,820,110700,83942,48219,17.4,22.2,45.0,3.5
Puducherry,Puducherry District 3,2023,820,121360,87320,49029,14.9,23.6,43.5,4.0
Puducherry,Puducherry District 4,2018,1819,209185,142055,97857,5.3,27.0,42.0,3.6
Puducherry,Puducherry District 4,2019,1819,169167,121104,94343,4.0,24.6,45.7,2.9
Puducherry,Puducherry District 4,2020,1819,247384,176034,122186,1.7,18.6,51.4,2.2
Puducherry,Puducherry District 4,2021,1819,214642,181508,114640,1.8,14.9,46.1,1.7
Puducherry,Puducherry District 4,2022,1819,225556,135869,91907,9.3,21.1,47.1,2.9
Puducherry,Puducherry District 4,2023,1819,258298,197775,111045,10.4,24.6,49.8,2.6
